,1,2,3,4,5,6,7,8,9,10,11,12,13,14,15,16,17,18,19,20
0,JD Unadkat,Avesh Khan,JD Unadkat,Avesh Khan,KH Pandya,Ravi Bishnoi,KH Pandya,Ravi Bishnoi,MP Stoinis,Ravi Bishnoi,MP Stoinis,Ravi Bishnoi,JD Unadkat,KH Pandya,MP Stoinis,KH Pandya,Avesh Khan,JD Unadkat,Avesh Khan,MP Stoinis
1,JD Unadkat,Avesh Khan,JD Unadkat,Avesh Khan,MP Stoinis,Ravi Bishnoi,KH Pandya,Ravi Bishnoi,KH Pandya,Ravi Bishnoi,MP Stoinis,Ravi Bishnoi,JD Unadkat,KH Pandya,MP Stoinis,KH Pandya,Avesh Khan,JD Unadkat,Avesh Khan,MP Stoinis
2,JD Unadkat,Avesh Khan,JD Unadkat,Avesh Khan,MP Stoinis,Ravi Bishnoi,KH Pandya,Ravi Bishnoi,MP Stoinis,Ravi Bishnoi,KH Pandya,Ravi Bishnoi,JD Unadkat,KH Pandya,MP Stoinis,KH Pandya,Avesh Khan,JD Unadkat,Avesh Khan,MP Stoinis
3,JD Unadkat,KH Pandya,Avesh Khan,JD Unadkat,MP Stoinis,Ravi Bishnoi,KH Pandya,Ravi Bishnoi,MP Stoinis,Ravi Bishnoi,MP Stoinis,Ravi Bishnoi,JD Unadkat,KH Pandya,Avesh Khan,KH Pandya,Avesh Khan,JD Unadkat,Avesh Khan,MP Stoinis
4,JD Unadkat,KH Pandya,JD Unadkat,Avesh Khan,MP Stoinis,Ravi Bishnoi,KH Pandya,Ravi Bishnoi,MP Stoinis,Ravi Bishnoi,MP Stoinis,Ravi Bishnoi,JD Unadkat,KH Pandya,Avesh Khan,KH Pandya,Avesh Khan,JD Unadkat,Avesh Khan,MP Stoinis
5,JD Unadkat,Avesh Khan,JD Unadkat,Avesh Khan,KH Pandya,Ravi Bishnoi,KH Pandya,Ravi Bishnoi,MP Stoinis,Ravi Bishnoi,MP Stoinis,Avesh Khan,Ravi Bishnoi,KH Pandya,MP Stoinis,KH Pandya,JD Unadkat,Avesh Khan,JD Unadkat,MP Stoinis
6,JD Unadkat,Avesh Khan,JD Unadkat,Avesh Khan,MP Stoinis,Ravi Bishnoi,KH Pandya,Ravi Bishnoi,KH Pandya,Ravi Bishnoi,MP Stoinis,Avesh Khan,Ravi Bishnoi,KH Pandya,MP Stoinis,KH Pandya,JD Unadkat,Avesh Khan,JD Unadkat,MP Stoinis
7,JD Unadkat,Avesh Khan,JD Unadkat,Avesh Khan,MP Stoinis,Ravi Bishnoi,KH Pandya,Ravi Bishnoi,MP Stoinis,Ravi Bishnoi,KH Pandya,Avesh Khan,Ravi Bishnoi,KH Pandya,MP Stoinis,KH Pandya,JD Unadkat,Avesh Khan,JD Unadkat,MP Stoinis
8,JD Unadkat,Avesh Khan,JD Unadkat,Avesh Khan,MP Stoinis,Ravi Bishnoi,KH Pandya,Ravi Bishnoi,MP Stoinis,Ravi Bishnoi,MP Stoinis,KH Pandya,Ravi Bishnoi,KH Pandya,Avesh Khan,KH Pandya,JD Unadkat,Avesh Khan,JD Unadkat,MP Stoinis
9,JD Unadkat,Avesh Khan,JD Unadkat,Avesh Khan,KH Pandya,Ravi Bishnoi,KH Pandya,Ravi Bishnoi,MP Stoinis,Ravi Bishnoi,MP Stoinis,KH Pandya,Ravi Bishnoi,KH Pandya,MP Stoinis,Avesh Khan,JD Unadkat,Avesh Khan,JD Unadkat,MP Stoinis
10,JD Unadkat,Avesh Khan,JD Unadkat,Avesh Khan,MP Stoinis,Ravi Bishnoi,KH Pandya,Ravi Bishnoi,KH Pandya,Ravi Bishnoi,MP Stoinis,KH Pandya,Ravi Bishnoi,KH Pandya,MP Stoinis,Avesh Khan,JD Unadkat,Avesh Khan,JD Unadkat,MP Stoinis
11,JD Unadkat,Avesh Khan,JD Unadkat,Avesh Khan,JD Unadkat,Ravi Bishnoi,KH Pandya,Ravi Bishnoi,MP Stoinis,Ravi Bishnoi,MP Stoinis,KH Pandya,Ravi Bishnoi,KH Pandya,MP Stoinis,KH Pandya,Avesh Khan,JD Unadkat,Avesh Khan,MP Stoinis
12,JD Unadkat,Avesh Khan,JD Unadkat,Avesh Khan,MP Stoinis,Ravi Bishnoi,KH Pandya,Ravi Bishnoi,JD Unadkat,Ravi Bishnoi,MP Stoinis,KH Pandya,Ravi Bishnoi,KH Pandya,MP Stoinis,KH Pandya,Avesh Khan,JD Unadkat,Avesh Khan,MP Stoinis
13,JD Unadkat,Avesh Khan,JD Unadkat,Avesh Khan,KH Pandya,Ravi Bishnoi,KH Pandya,Ravi Bishnoi,MP Stoinis,Ravi Bishnoi,MP Stoinis,JD Unadkat,Ravi Bishnoi,KH Pandya,MP Stoinis,KH Pandya,Avesh Khan,JD Unadkat,Avesh Khan,MP Stoinis
14,JD Unadkat,Avesh Khan,JD Unadkat,Avesh Khan,MP Stoinis,Ravi Bishnoi,KH Pandya,Ravi Bishnoi,KH Pandya,Ravi Bishnoi,MP Stoinis,JD Unadkat,Ravi Bishnoi,KH Pandya,MP Stoinis,KH Pandya,Avesh Khan,JD Unadkat,Avesh Khan,MP Stoinis
15,JD Unadkat,Avesh Khan,JD Unadkat,Avesh Khan,MP Stoinis,Ravi Bishnoi,KH Pandya,Ravi Bishnoi,MP Stoinis,Ravi Bishnoi,KH Pandya,JD Unadkat,Ravi Bishnoi,KH Pandya,MP Stoinis,KH Pandya,Avesh Khan,JD Unadkat,Avesh Khan,MP Stoinis
16,JD Unadkat,Avesh Khan,JD Unadkat,Avesh Khan,MP Stoinis,Ravi Bishnoi,KH Pandya,Ravi Bishnoi,MP Stoinis,Ravi Bishnoi,MP Stoinis,KH Pandya,Ravi Bishnoi,KH Pandya,JD Unadkat,KH Pandya,Avesh Khan,JD Unadkat,Avesh Khan,MP Stoinis
17,JD Unadkat,Avesh Khan,JD Unadkat,Avesh Khan,KH Pandya,Ravi Bishnoi,KH Pandya,Ravi Bishnoi,MP Stoinis,Ravi Bishnoi,MP Stoinis,KH Pandya,Ravi Bishnoi,KH Pandya,MP Stoinis,JD Unadkat,Avesh Khan,JD Unadkat,Avesh Khan,MP Stoinis
18,JD Unadkat,Avesh Khan,JD Unadkat,Avesh Khan,MP Stoinis,Ravi Bishnoi,KH Pandya,Ravi Bishnoi,KH Pandya,Ravi Bishnoi,MP Stoinis,KH Pandya,Ravi Bishnoi,KH Pandya,MP Stoinis,JD Unadkat,Avesh Khan,JD Unadkat,Avesh Khan,MP Stoinis
19,JD Unadkat,Avesh Khan,JD Unadkat,Avesh Khan,MP Stoinis,Ravi Bishnoi,KH Pandya,Ravi Bishnoi,MP Stoinis,Ravi Bishnoi,MP Stoinis,KH Pandya,Ravi Bishnoi,KH Pandya,MP Stoinis,KH Pandya,Avesh Khan,JD Unadkat,Avesh Khan,JD Unadkat
20,JD Unadkat,Avesh Khan,JD Unadkat,Avesh Khan,MP Stoinis,Ravi Bishnoi,KH Pandya,Ravi Bishnoi,MP Stoinis,Ravi Bishnoi,MP Stoinis,KH Pandya,Ravi Bishnoi,KH Pandya,MP Stoinis,KH Pandya,JD Unadkat,Avesh Khan,JD Unadkat,Avesh Khan
21,JD Unadkat,KH Pandya,Avesh Khan,JD Unadkat,MP Stoinis,Ravi Bishnoi,KH Pandya,Ravi Bishnoi,MP Stoinis,Ravi Bishnoi,MP Stoinis,Avesh Khan,Ravi Bishnoi,KH Pandya,Avesh Khan,KH Pandya,JD Unadkat,Avesh Khan,JD Unadkat,MP Stoinis
22,JD Unadkat,KH Pandya,Avesh Khan,JD Unadkat,KH Pandya,Ravi Bishnoi,KH Pandya,Ravi Bishnoi,MP Stoinis,Ravi Bishnoi,MP Stoinis,Avesh Khan,Ravi Bishnoi,KH Pandya,MP Stoinis,Avesh Khan,JD Unadkat,Avesh Khan,JD Unadkat,MP Stoinis
23,JD Unadkat,KH Pandya,Avesh Khan,JD Unadkat,MP Stoinis,Ravi Bishnoi,KH Pandya,Ravi Bishnoi,KH Pandya,Ravi Bishnoi,MP Stoinis,Avesh Khan,Ravi Bishnoi,KH Pandya,MP Stoinis,Avesh Khan,JD Unadkat,Avesh Khan,JD Unadkat,MP Stoinis
24,JD Unadkat,KH Pandya,Avesh Khan,JD Unadkat,MP Stoinis,Ravi Bishnoi,KH Pandya,Ravi Bishnoi,MP Stoinis,Ravi Bishnoi,KH Pandya,Avesh Khan,Ravi Bishnoi,KH Pandya,MP Stoinis,Avesh Khan,JD Unadkat,Avesh Khan,JD Unadkat,MP Stoinis
25,JD Unadkat,KH Pandya,Avesh Khan,JD Unadkat,MP Stoinis,Ravi Bishnoi,KH Pandya,Ravi Bishnoi,JD Unadkat,Ravi Bishnoi,MP Stoinis,Avesh Khan,Ravi Bishnoi,KH Pandya,MP Stoinis,KH Pandya,Avesh Khan,JD Unadkat,Avesh Khan,MP Stoinis
26,JD Unadkat,KH Pandya,Avesh Khan,JD Unadkat,MP Stoinis,Ravi Bishnoi,KH Pandya,Ravi Bishnoi,MP Stoinis,Ravi Bishnoi,MP Stoinis,Avesh Khan,Ravi Bishnoi,KH Pandya,JD Unadkat,KH Pandya,Avesh Khan,JD Unadkat,Avesh Khan,MP Stoinis
27,JD Unadkat,KH Pandya,Avesh Khan,JD Unadkat,KH Pandya,Ravi Bishnoi,KH Pandya,Ravi Bishnoi,MP Stoinis,Ravi Bishnoi,MP Stoinis,Avesh Khan,Ravi Bishnoi,KH Pandya,MP Stoinis,JD Unadkat,Avesh Khan,JD Unadkat,Avesh Khan,MP Stoinis
28,JD Unadkat,KH Pandya,Avesh Khan,JD Unadkat,MP Stoinis,Ravi Bishnoi,KH Pandya,Ravi Bishnoi,KH Pandya,Ravi Bishnoi,MP Stoinis,Avesh Khan,Ravi Bishnoi,KH Pandya,MP Stoinis,JD Unadkat,Avesh Khan,JD Unadkat,Avesh Khan,MP Stoinis
29,JD Unadkat,KH Pandya,Avesh Khan,JD Unadkat,MP Stoinis,Ravi Bishnoi,KH Pandya,Ravi Bishnoi,MP Stoinis,Ravi Bishnoi,KH Pandya,Avesh Khan,Ravi Bishnoi,KH Pandya,MP Stoinis,JD Unadkat,Avesh Khan,JD Unadkat,Avesh Khan,MP Stoinis
30,JD Unadkat,KH Pandya,Avesh Khan,JD Unadkat,MP Stoinis,Ravi Bishnoi,KH Pandya,Ravi Bishnoi,MP Stoinis,Ravi Bishnoi,MP Stoinis,Avesh Khan,Ravi Bishnoi,KH Pandya,MP Stoinis,KH Pandya,Avesh Khan,JD Unadkat,Avesh Khan,JD Unadkat
31,JD Unadkat,KH Pandya,Avesh Khan,JD Unadkat,MP Stoinis,Ravi Bishnoi,KH Pandya,Ravi Bishnoi,MP Stoinis,Ravi Bishnoi,MP Stoinis,Avesh Khan,Ravi Bishnoi,KH Pandya,MP Stoinis,KH Pandya,JD Unadkat,Avesh Khan,JD Unadkat,Avesh Khan
32,JD Unadkat,KH Pandya,Avesh Khan,JD Unadkat,MP Stoinis,Ravi Bishnoi,KH Pandya,Ravi Bishnoi,MP Stoinis,Ravi Bishnoi,MP Stoinis,JD Unadkat,Ravi Bishnoi,KH Pandya,Avesh Khan,KH Pandya,Avesh Khan,JD Unadkat,Avesh Khan,MP Stoinis
33,JD Unadkat,KH Pandya,Avesh Khan,JD Unadkat,MP Stoinis,Ravi Bishnoi,KH Pandya,Ravi Bishnoi,MP Stoinis,Ravi Bishnoi,MP Stoinis,KH Pandya,Ravi Bishnoi,KH Pandya,Avesh Khan,JD Unadkat,Avesh Khan,JD Unadkat,Avesh Khan,MP Stoinis
34,JD Unadkat,KH Pandya,Avesh Khan,JD Unadkat,MP Stoinis,Ravi Bishnoi,KH Pandya,Ravi Bishnoi,MP Stoinis,Ravi Bishnoi,MP Stoinis,KH Pandya,Ravi Bishnoi,KH Pandya,MP Stoinis,Avesh Khan,JD Unadkat,Avesh Khan,JD Unadkat,Avesh Khan
35,JD Unadkat,KH Pandya,JD Unadkat,Avesh Khan,MP Stoinis,Ravi Bishnoi,KH Pandya,Ravi Bishnoi,MP Stoinis,Ravi Bishnoi,MP Stoinis,Avesh Khan,Ravi Bishnoi,KH Pandya,Avesh Khan,KH Pandya,JD Unadkat,Avesh Khan,JD Unadkat,MP Stoinis
36,JD Unadkat,KH Pandya,JD Unadkat,Avesh Khan,KH Pandya,Ravi Bishnoi,KH Pandya,Ravi Bishnoi,MP Stoinis,Ravi Bishnoi,MP Stoinis,Avesh Khan,Ravi Bishnoi,KH Pandya,MP Stoinis,Avesh Khan,JD Unadkat,Avesh Khan,JD Unadkat,MP Stoinis
37,JD Unadkat,KH Pandya,JD Unadkat,Avesh Khan,MP Stoinis,Ravi Bishnoi,KH Pandya,Ravi Bishnoi,KH Pandya,Ravi Bishnoi,MP Stoinis,Avesh Khan,Ravi Bishnoi,KH Pandya,MP Stoinis,Avesh Khan,JD Unadkat,Avesh Khan,JD Unadkat,MP Stoinis
38,JD Unadkat,KH Pandya,JD Unadkat,Avesh Khan,MP Stoinis,Ravi Bishnoi,KH Pandya,Ravi Bishnoi,MP Stoinis,Ravi Bishnoi,KH Pandya,Avesh Khan,Ravi Bishnoi,KH Pandya,MP Stoinis,Avesh Khan,JD Unadkat,Avesh Khan,JD Unadkat,MP Stoinis
39,JD Unadkat,KH Pandya,JD Unadkat,Avesh Khan,JD Unadkat,Ravi Bishnoi,KH Pandya,Ravi Bishnoi,MP Stoinis,Ravi Bishnoi,MP Stoinis,Avesh Khan,Ravi Bishnoi,KH Pandya,MP Stoinis,KH Pandya,Avesh Khan,JD Unadkat,Avesh Khan,MP Stoinis
40,JD Unadkat,KH Pandya,JD Unadkat,Avesh Khan,MP Stoinis,Ravi Bishnoi,KH Pandya,Ravi Bishnoi,JD Unadkat,Ravi Bishnoi,MP Stoinis,Avesh Khan,Ravi Bishnoi,KH Pandya,MP Stoinis,KH Pandya,Avesh Khan,JD Unadkat,Avesh Khan,MP Stoinis
41,JD Unadkat,KH Pandya,JD Unadkat,Avesh Khan,MP Stoinis,Ravi Bishnoi,KH Pandya,Ravi Bishnoi,MP Stoinis,Ravi Bishnoi,MP Stoinis,Avesh Khan,Ravi Bishnoi,KH Pandya,JD Unadkat,KH Pandya,Avesh Khan,JD Unadkat,Avesh Khan,MP Stoinis
42,JD Unadkat,KH Pandya,JD Unadkat,Avesh Khan,KH Pandya,Ravi Bishnoi,KH Pandya,Ravi Bishnoi,MP Stoinis,Ravi Bishnoi,MP Stoinis,Avesh Khan,Ravi Bishnoi,KH Pandya,MP Stoinis,JD Unadkat,Avesh Khan,JD Unadkat,Avesh Khan,MP Stoinis
43,JD Unadkat,KH Pandya,JD Unadkat,Avesh Khan,MP Stoinis,Ravi Bishnoi,KH Pandya,Ravi Bishnoi,KH Pandya,Ravi Bishnoi,MP Stoinis,Avesh Khan,Ravi Bishnoi,KH Pandya,MP Stoinis,JD Unadkat,Avesh Khan,JD Unadkat,Avesh Khan,MP Stoinis
44,JD Unadkat,KH Pandya,JD Unadkat,Avesh Khan,MP Stoinis,Ravi Bishnoi,KH Pandya,Ravi Bishnoi,MP Stoinis,Ravi Bishnoi,KH Pandya,Avesh Khan,Ravi Bishnoi,KH Pandya,MP Stoinis,JD Unadkat,Avesh Khan,JD Unadkat,Avesh Khan,MP Stoinis
45,JD Unadkat,KH Pandya,JD Unadkat,Avesh Khan,MP Stoinis,Ravi Bishnoi,KH Pandya,Ravi Bishnoi,MP Stoinis,Ravi Bishnoi,MP Stoinis,Avesh Khan,Ravi Bishnoi,KH Pandya,MP Stoinis,KH Pandya,Avesh Khan,JD Unadkat,Avesh Khan,JD Unadkat
46,JD Unadkat,KH Pandya,JD Unadkat,Avesh Khan,MP Stoinis,Ravi Bishnoi,KH Pandya,Ravi Bishnoi,MP Stoinis,Ravi Bishnoi,MP Stoinis,Avesh Khan,Ravi Bishnoi,KH Pandya,MP Stoinis,KH Pandya,JD Unadkat,Avesh Khan,JD Unadkat,Avesh Khan
47,JD Unadkat,KH Pandya,JD Unadkat,Avesh Khan,MP Stoinis,Ravi Bishnoi,KH Pandya,Ravi Bishnoi,MP Stoinis,Ravi Bishnoi,MP Stoinis,JD Unadkat,Ravi Bishnoi,KH Pandya,Avesh Khan,KH Pandya,Avesh Khan,JD Unadkat,Avesh Khan,MP Stoinis
48,JD Unadkat,KH Pandya,JD Unadkat,Avesh Khan,MP Stoinis,Ravi Bishnoi,KH Pandya,Ravi Bishnoi,MP Stoinis,Ravi Bishnoi,MP Stoinis,KH Pandya,Ravi Bishnoi,KH Pandya,Avesh Khan,JD Unadkat,Avesh Khan,JD Unadkat,Avesh Khan,MP Stoinis
49,JD Unadkat,KH Pandya,JD Unadkat,Avesh Khan,MP Stoinis,Ravi Bishnoi,KH Pandya,Ravi Bishnoi,MP Stoinis,Ravi Bishnoi,MP Stoinis,KH Pandya,Ravi Bishnoi,KH Pandya,MP Stoinis,Avesh Khan,JD Unadkat,Avesh Khan,JD Unadkat,Avesh Khan
50,JD Unadkat,Avesh Khan,JD Unadkat,Avesh Khan,KH Pandya,Ravi Bishnoi,KH Pandya,Ravi Bishnoi,MP Stoinis,Ravi Bishnoi,MP Stoinis,KH Pandya,JD Unadkat,Ravi Bishnoi,MP Stoinis,KH Pandya,Avesh Khan,JD Unadkat,Avesh Khan,MP Stoinis
51,JD Unadkat,Avesh Khan,JD Unadkat,Avesh Khan,MP Stoinis,Ravi Bishnoi,KH Pandya,Ravi Bishnoi,KH Pandya,Ravi Bishnoi,MP Stoinis,KH Pandya,JD Unadkat,Ravi Bishnoi,MP Stoinis,KH Pandya,Avesh Khan,JD Unadkat,Avesh Khan,MP Stoinis
52,JD Unadkat,KH Pandya,Avesh Khan,JD Unadkat,KH Pandya,Ravi Bishnoi,KH Pandya,Ravi Bishnoi,MP Stoinis,Ravi Bishnoi,MP Stoinis,Avesh Khan,JD Unadkat,Ravi Bishnoi,MP Stoinis,KH Pandya,Avesh Khan,JD Unadkat,Avesh Khan,MP Stoinis
53,JD Unadkat,KH Pandya,Avesh Khan,JD Unadkat,MP Stoinis,Ravi Bishnoi,KH Pandya,Ravi Bishnoi,KH Pandya,Ravi Bishnoi,MP Stoinis,Avesh Khan,JD Unadkat,Ravi Bishnoi,MP Stoinis,KH Pandya,Avesh Khan,JD Unadkat,Avesh Khan,MP Stoinis
54,JD Unadkat,KH Pandya,Avesh Khan,JD Unadkat,MP Stoinis,Ravi Bishnoi,KH Pandya,Ravi Bishnoi,MP Stoinis,Ravi Bishnoi,KH Pandya,Avesh Khan,JD Unadkat,Ravi Bishnoi,MP Stoinis,KH Pandya,Avesh Khan,JD Unadkat,Avesh Khan,MP Stoinis
55,JD Unadkat,KH Pandya,Avesh Khan,JD Unadkat,MP Stoinis,Ravi Bishnoi,KH Pandya,Ravi Bishnoi,MP Stoinis,Ravi Bishnoi,MP Stoinis,KH Pandya,JD Unadkat,Ravi Bishnoi,Avesh Khan,KH Pandya,Avesh Khan,JD Unadkat,Avesh Khan,MP Stoinis
56,JD Unadkat,KH Pandya,JD Unadkat,Avesh Khan,KH Pandya,Ravi Bishnoi,KH Pandya,Ravi Bishnoi,MP Stoinis,Ravi Bishnoi,MP Stoinis,Avesh Khan,JD Unadkat,Ravi Bishnoi,MP Stoinis,KH Pandya,Avesh Khan,JD Unadkat,Avesh Khan,MP Stoinis
57,JD Unadkat,KH Pandya,JD Unadkat,Avesh Khan,MP Stoinis,Ravi Bishnoi,KH Pandya,Ravi Bishnoi,KH Pandya,Ravi Bishnoi,MP Stoinis,Avesh Khan,JD Unadkat,Ravi Bishnoi,MP Stoinis,KH Pandya,Avesh Khan,JD Unadkat,Avesh Khan,MP Stoinis
58,JD Unadkat,KH Pandya,JD Unadkat,Avesh Khan,MP Stoinis,Ravi Bishnoi,KH Pandya,Ravi Bishnoi,MP Stoinis,Ravi Bishnoi,KH Pandya,Avesh Khan,JD Unadkat,Ravi Bishnoi,MP Stoinis,KH Pandya,Avesh Khan,JD Unadkat,Avesh Khan,MP Stoinis
59,JD Unadkat,KH Pandya,JD Unadkat,Avesh Khan,MP Stoinis,Ravi Bishnoi,KH Pandya,Ravi Bishnoi,MP Stoinis,Ravi Bishnoi,MP Stoinis,KH Pandya,JD Unadkat,Ravi Bishnoi,Avesh Khan,KH Pandya,Avesh Khan,JD Unadkat,Avesh Khan,MP Stoinis
60,JD Unadkat,Avesh Khan,JD Unadkat,Avesh Khan,MP Stoinis,Ravi Bishnoi,KH Pandya,Ravi Bishnoi,MP Stoinis,Ravi Bishnoi,MP Stoinis,KH Pandya,JD Unadkat,KH Pandya,Ravi Bishnoi,KH Pandya,Avesh Khan,JD Unadkat,Avesh Khan,MP Stoinis
61,JD Unadkat,KH Pandya,Avesh Khan,JD Unadkat,MP Stoinis,Ravi Bishnoi,KH Pandya,Ravi Bishnoi,MP Stoinis,Ravi Bishnoi,MP Stoinis,Avesh Khan,JD Unadkat,KH Pandya,Ravi Bishnoi,KH Pandya,Avesh Khan,JD Unadkat,Avesh Khan,MP Stoinis
62,JD Unadkat,KH Pandya,JD Unadkat,Avesh Khan,MP Stoinis,Ravi Bishnoi,KH Pandya,Ravi Bishnoi,MP Stoinis,Ravi Bishnoi,MP Stoinis,Avesh Khan,JD Unadkat,KH Pandya,Ravi Bishnoi,KH Pandya,Avesh Khan,JD Unadkat,Avesh Khan,MP Stoinis
63,JD Unadkat,Avesh Khan,JD Unadkat,Avesh Khan,KH Pandya,Ravi Bishnoi,KH Pandya,Ravi Bishnoi,MP Stoinis,Ravi Bishnoi,MP Stoinis,KH Pandya,JD Unadkat,KH Pandya,MP Stoinis,Ravi Bishnoi,Avesh Khan,JD Unadkat,Avesh Khan,MP Stoinis
64,JD Unadkat,Avesh Khan,JD Unadkat,Avesh Khan,MP Stoinis,Ravi Bishnoi,KH Pandya,Ravi Bishnoi,KH Pandya,Ravi Bishnoi,MP Stoinis,KH Pandya,JD Unadkat,KH Pandya,MP Stoinis,Ravi Bishnoi,Avesh Khan,JD Unadkat,Avesh Khan,MP Stoinis
65,JD Unadkat,KH Pandya,Avesh Khan,JD Unadkat,KH Pandya,Ravi Bishnoi,KH Pandya,Ravi Bishnoi,MP Stoinis,Ravi Bishnoi,MP Stoinis,Avesh Khan,JD Unadkat,KH Pandya,MP Stoinis,Ravi Bishnoi,Avesh Khan,JD Unadkat,Avesh Khan,MP Stoinis
66,JD Unadkat,KH Pandya,Avesh Khan,JD Unadkat,MP Stoinis,Ravi Bishnoi,KH Pandya,Ravi Bishnoi,KH Pandya,Ravi Bishnoi,MP Stoinis,Avesh Khan,JD Unadkat,KH Pandya,MP Stoinis,Ravi Bishnoi,Avesh Khan,JD Unadkat,Avesh Khan,MP Stoinis
67,JD Unadkat,KH Pandya,Avesh Khan,JD Unadkat,MP Stoinis,Ravi Bishnoi,KH Pandya,Ravi Bishnoi,MP Stoinis,Ravi Bishnoi,KH Pandya,Avesh Khan,JD Unadkat,KH Pandya,MP Stoinis,Ravi Bishnoi,Avesh Khan,JD Unadkat,Avesh Khan,MP Stoinis
68,JD Unadkat,KH Pandya,Avesh Khan,JD Unadkat,MP Stoinis,Ravi Bishnoi,KH Pandya,Ravi Bishnoi,MP Stoinis,Ravi Bishnoi,MP Stoinis,KH Pandya,JD Unadkat,KH Pandya,Avesh Khan,Ravi Bishnoi,Avesh Khan,JD Unadkat,Avesh Khan,MP Stoinis
69,JD Unadkat,KH Pandya,JD Unadkat,Avesh Khan,KH Pandya,Ravi Bishnoi,KH Pandya,Ravi Bishnoi,MP Stoinis,Ravi Bishnoi,MP Stoinis,Avesh Khan,JD Unadkat,KH Pandya,MP Stoinis,Ravi Bishnoi,Avesh Khan,JD Unadkat,Avesh Khan,MP Stoinis
70,JD Unadkat,KH Pandya,JD Unadkat,Avesh Khan,MP Stoinis,Ravi Bishnoi,KH Pandya,Ravi Bishnoi,KH Pandya,Ravi Bishnoi,MP Stoinis,Avesh Khan,JD Unadkat,KH Pandya,MP Stoinis,Ravi Bishnoi,Avesh Khan,JD Unadkat,Avesh Khan,MP Stoinis
71,JD Unadkat,KH Pandya,JD Unadkat,Avesh Khan,MP Stoinis,Ravi Bishnoi,KH Pandya,Ravi Bishnoi,MP Stoinis,Ravi Bishnoi,KH Pandya,Avesh Khan,JD Unadkat,KH Pandya,MP Stoinis,Ravi Bishnoi,Avesh Khan,JD Unadkat,Avesh Khan,MP Stoinis
72,JD Unadkat,KH Pandya,JD Unadkat,Avesh Khan,MP Stoinis,Ravi Bishnoi,KH Pandya,Ravi Bishnoi,MP Stoinis,Ravi Bishnoi,MP Stoinis,KH Pandya,JD Unadkat,KH Pandya,Avesh Khan,Ravi Bishnoi,Avesh Khan,JD Unadkat,Avesh Khan,MP Stoinis
73,JD Unadkat,Avesh Khan,JD Unadkat,Avesh Khan,MP Stoinis,Ravi Bishnoi,KH Pandya,Ravi Bishnoi,MP Stoinis,KH Pandya,Ravi Bishnoi,Avesh Khan,Ravi Bishnoi,KH Pandya,MP Stoinis,KH Pandya,JD Unadkat,Avesh Khan,JD Unadkat,MP Stoinis
74,JD Unadkat,Avesh Khan,JD Unadkat,Avesh Khan,MP Stoinis,Ravi Bishnoi,KH Pandya,Ravi Bishnoi,MP Stoinis,KH Pandya,Ravi Bishnoi,KH Pandya,Ravi Bishnoi,KH Pandya,MP Stoinis,Avesh Khan,JD Unadkat,Avesh Khan,JD Unadkat,MP Stoinis
75,JD Unadkat,Avesh Khan,JD Unadkat,Avesh Khan,MP Stoinis,Ravi Bishnoi,KH Pandya,Ravi Bishnoi,MP Stoinis,KH Pandya,Ravi Bishnoi,JD Unadkat,Ravi Bishnoi,KH Pandya,MP Stoinis,KH Pandya,Avesh Khan,JD Unadkat,Avesh Khan,MP Stoinis
76,JD Unadkat,Avesh Khan,JD Unadkat,Avesh Khan,MP Stoinis,Ravi Bishnoi,KH Pandya,Ravi Bishnoi,MP Stoinis,KH Pandya,Ravi Bishnoi,KH Pandya,Ravi Bishnoi,KH Pandya,MP Stoinis,JD Unadkat,Avesh Khan,JD Unadkat,Avesh Khan,MP Stoinis
77,JD Unadkat,KH Pandya,Avesh Khan,JD Unadkat,MP Stoinis,Ravi Bishnoi,KH Pandya,Ravi Bishnoi,MP Stoinis,KH Pandya,Ravi Bishnoi,Avesh Khan,Ravi Bishnoi,KH Pandya,MP Stoinis,Avesh Khan,JD Unadkat,Avesh Khan,JD Unadkat,MP Stoinis
78,JD Unadkat,KH Pandya,Avesh Khan,JD Unadkat,MP Stoinis,Ravi Bishnoi,KH Pandya,Ravi Bishnoi,MP Stoinis,KH Pandya,Ravi Bishnoi,Avesh Khan,Ravi Bishnoi,KH Pandya,MP Stoinis,JD Unadkat,Avesh Khan,JD Unadkat,Avesh Khan,MP Stoinis
79,JD Unadkat,KH Pandya,JD Unadkat,Avesh Khan,MP Stoinis,Ravi Bishnoi,KH Pandya,Ravi Bishnoi,MP Stoinis,KH Pandya,Ravi Bishnoi,Avesh Khan,Ravi Bishnoi,KH Pandya,MP Stoinis,Avesh Khan,JD Unadkat,Avesh Khan,JD Unadkat,MP Stoinis
80,JD Unadkat,KH Pandya,JD Unadkat,Avesh Khan,MP Stoinis,Ravi Bishnoi,KH Pandya,Ravi Bishnoi,MP Stoinis,KH Pandya,Ravi Bishnoi,Avesh Khan,Ravi Bishnoi,KH Pandya,MP Stoinis,JD Unadkat,Avesh Khan,JD Unadkat,Avesh Khan,MP Stoinis
81,JD Unadkat,Avesh Khan,JD Unadkat,Avesh Khan,MP Stoinis,Ravi Bishnoi,KH Pandya,Ravi Bishnoi,MP Stoinis,KH Pandya,Ravi Bishnoi,KH Pandya,JD Unadkat,Ravi Bishnoi,MP Stoinis,KH Pandya,Avesh Khan,JD Unadkat,Avesh Khan,MP Stoinis
82,JD Unadkat,KH Pandya,Avesh Khan,JD Unadkat,MP Stoinis,Ravi Bishnoi,KH Pandya,Ravi Bishnoi,MP Stoinis,KH Pandya,Ravi Bishnoi,Avesh Khan,JD Unadkat,Ravi Bishnoi,MP Stoinis,KH Pandya,Avesh Khan,JD Unadkat,Avesh Khan,MP Stoinis
83,JD Unadkat,KH Pandya,JD Unadkat,Avesh Khan,MP Stoinis,Ravi Bishnoi,KH Pandya,Ravi Bishnoi,MP Stoinis,KH Pandya,Ravi Bishnoi,Avesh Khan,JD Unadkat,Ravi Bishnoi,MP Stoinis,KH Pandya,Avesh Khan,JD Unadkat,Avesh Khan,MP Stoinis
84,JD Unadkat,Avesh Khan,JD Unadkat,Avesh Khan,MP Stoinis,Ravi Bishnoi,KH Pandya,Ravi Bishnoi,MP Stoinis,KH Pandya,Ravi Bishnoi,KH Pandya,JD Unadkat,KH Pandya,MP Stoinis,Ravi Bishnoi,Avesh Khan,JD Unadkat,Avesh Khan,MP Stoinis
85,JD Unadkat,KH Pandya,Avesh Khan,JD Unadkat,MP Stoinis,Ravi Bishnoi,KH Pandya,Ravi Bishnoi,MP Stoinis,KH Pandya,Ravi Bishnoi,Avesh Khan,JD Unadkat,KH Pandya,MP Stoinis,Ravi Bishnoi,Avesh Khan,JD Unadkat,Avesh Khan,MP Stoinis
86,JD Unadkat,KH Pandya,JD Unadkat,Avesh Khan,MP Stoinis,Ravi Bishnoi,KH Pandya,Ravi Bishnoi,MP Stoinis,KH Pandya,Ravi Bishnoi,Avesh Khan,JD Unadkat,KH Pandya,MP Stoinis,Ravi Bishnoi,Avesh Khan,JD Unadkat,Avesh Khan,MP Stoinis
87,JD Unadkat,Avesh Khan,JD Unadkat,Avesh Khan,KH Pandya,Ravi Bishnoi,KH Pandya,Ravi Bishnoi,MP Stoinis,KH Pandya,MP Stoinis,Ravi Bishnoi,JD Unadkat,Ravi Bishnoi,MP Stoinis,KH Pandya,Avesh Khan,JD Unadkat,Avesh Khan,MP Stoinis
88,JD Unadkat,KH Pandya,Avesh Khan,JD Unadkat,MP Stoinis,Ravi Bishnoi,KH Pandya,Ravi Bishnoi,MP Stoinis,KH Pandya,MP Stoinis,Ravi Bishnoi,JD Unadkat,Ravi Bishnoi,Avesh Khan,KH Pandya,Avesh Khan,JD Unadkat,Avesh Khan,MP Stoinis
89,JD Unadkat,KH Pandya,JD Unadkat,Avesh Khan,MP Stoinis,Ravi Bishnoi,KH Pandya,Ravi Bishnoi,MP Stoinis,KH Pandya,MP Stoinis,Ravi Bishnoi,JD Unadkat,Ravi Bishnoi,Avesh Khan,KH Pandya,Avesh Khan,JD Unadkat,Avesh Khan,MP Stoinis
90,JD Unadkat,Avesh Khan,JD Unadkat,Avesh Khan,MP Stoinis,Ravi Bishnoi,KH Pandya,Ravi Bishnoi,MP Stoinis,KH Pandya,MP Stoinis,Ravi Bishnoi,JD Unadkat,KH Pandya,Ravi Bishnoi,KH Pandya,Avesh Khan,JD Unadkat,Avesh Khan,MP Stoinis
91,JD Unadkat,Avesh Khan,JD Unadkat,Avesh Khan,KH Pandya,Ravi Bishnoi,KH Pandya,Ravi Bishnoi,MP Stoinis,KH Pandya,MP Stoinis,Ravi Bishnoi,JD Unadkat,KH Pandya,MP Stoinis,Ravi Bishnoi,Avesh Khan,JD Unadkat,Avesh Khan,MP Stoinis
92,JD Unadkat,KH Pandya,Avesh Khan,JD Unadkat,MP Stoinis,Ravi Bishnoi,KH Pandya,Ravi Bishnoi,MP Stoinis,KH Pandya,MP Stoinis,Ravi Bishnoi,JD Unadkat,KH Pandya,Avesh Khan,Ravi Bishnoi,Avesh Khan,JD Unadkat,Avesh Khan,MP Stoinis
93,JD Unadkat,KH Pandya,JD Unadkat,Avesh Khan,MP Stoinis,Ravi Bishnoi,KH Pandya,Ravi Bishnoi,MP Stoinis,KH Pandya,MP Stoinis,Ravi Bishnoi,JD Unadkat,KH Pandya,Avesh Khan,Ravi Bishnoi,Avesh Khan,JD Unadkat,Avesh Khan,MP Stoinis
94,JD Unadkat,Avesh Khan,JD Unadkat,Avesh Khan,MP Stoinis,Ravi Bishnoi,KH Pandya,Ravi Bishnoi,MP Stoinis,KH Pandya,MP Stoinis,Avesh Khan,Ravi Bishnoi,KH Pandya,Ravi Bishnoi,KH Pandya,JD Unadkat,Avesh Khan,JD Unadkat,MP Stoinis
95,JD Unadkat,Avesh Khan,JD Unadkat,Avesh Khan,MP Stoinis,Ravi Bishnoi,KH Pandya,Ravi Bishnoi,MP Stoinis,KH Pandya,MP Stoinis,KH Pandya,Ravi Bishnoi,KH Pandya,Ravi Bishnoi,Avesh Khan,JD Unadkat,Avesh Khan,JD Unadkat,MP Stoinis
96,JD Unadkat,Avesh Khan,JD Unadkat,Avesh Khan,MP Stoinis,Ravi Bishnoi,KH Pandya,Ravi Bishnoi,MP Stoinis,KH Pandya,MP Stoinis,JD Unadkat,Ravi Bishnoi,KH Pandya,Ravi Bishnoi,KH Pandya,Avesh Khan,JD Unadkat,Avesh Khan,MP Stoinis
97,JD Unadkat,Avesh Khan,JD Unadkat,Avesh Khan,MP Stoinis,Ravi Bishnoi,KH Pandya,Ravi Bishnoi,MP Stoinis,KH Pandya,MP Stoinis,KH Pandya,Ravi Bishnoi,KH Pandya,Ravi Bishnoi,JD Unadkat,Avesh Khan,JD Unadkat,Avesh Khan,MP Stoinis
98,JD Unadkat,KH Pandya,Avesh Khan,JD Unadkat,MP Stoinis,Ravi Bishnoi,KH Pandya,Ravi Bishnoi,MP Stoinis,KH Pandya,MP Stoinis,Avesh Khan,Ravi Bishnoi,KH Pandya,Ravi Bishnoi,Avesh Khan,JD Unadkat,Avesh Khan,JD Unadkat,MP Stoinis
99,JD Unadkat,KH Pandya,Avesh Khan,JD Unadkat,MP Stoinis,Ravi Bishnoi,KH Pandya,Ravi Bishnoi,MP Stoinis,KH Pandya,MP Stoinis,Avesh Khan,Ravi Bishnoi,KH Pandya,Ravi Bishnoi,JD Unadkat,Avesh Khan,JD Unadkat,Avesh Khan,MP Stoinis
100,JD Unadkat,KH Pandya,JD Unadkat,Avesh Khan,MP Stoinis,Ravi Bishnoi,KH Pandya,Ravi Bishnoi,MP Stoinis,KH Pandya,MP Stoinis,Avesh Khan,Ravi Bishnoi,KH Pandya,Ravi Bishnoi,Avesh Khan,JD Unadkat,Avesh Khan,JD Unadkat,MP Stoinis
101,JD Unadkat,KH Pandya,JD Unadkat,Avesh Khan,MP Stoinis,Ravi Bishnoi,KH Pandya,Ravi Bishnoi,MP Stoinis,KH Pandya,MP Stoinis,Avesh Khan,Ravi Bishnoi,KH Pandya,Ravi Bishnoi,JD Unadkat,Avesh Khan,JD Unadkat,Avesh Khan,MP Stoinis
102,JD Unadkat,Avesh Khan,JD Unadkat,Avesh Khan,KH Pandya,Ravi Bishnoi,KH Pandya,Ravi Bishnoi,MP Stoinis,KH Pandya,MP Stoinis,Avesh Khan,Ravi Bishnoi,KH Pandya,MP Stoinis,Ravi Bishnoi,JD Unadkat,Avesh Khan,JD Unadkat,MP Stoinis
103,JD Unadkat,Avesh Khan,JD Unadkat,Avesh Khan,MP Stoinis,Ravi Bishnoi,KH Pandya,Ravi Bishnoi,MP Stoinis,KH Pandya,MP Stoinis,KH Pandya,Ravi Bishnoi,KH Pandya,Avesh Khan,Ravi Bishnoi,JD Unadkat,Avesh Khan,JD Unadkat,MP Stoinis
104,JD Unadkat,Avesh Khan,JD Unadkat,Avesh Khan,JD Unadkat,Ravi Bishnoi,KH Pandya,Ravi Bishnoi,MP Stoinis,KH Pandya,MP Stoinis,KH Pandya,Ravi Bishnoi,KH Pandya,MP Stoinis,Ravi Bishnoi,Avesh Khan,JD Unadkat,Avesh Khan,MP Stoinis
105,JD Unadkat,Avesh Khan,JD Unadkat,Avesh Khan,MP Stoinis,Ravi Bishnoi,KH Pandya,Ravi Bishnoi,JD Unadkat,KH Pandya,MP Stoinis,KH Pandya,Ravi Bishnoi,KH Pandya,MP Stoinis,Ravi Bishnoi,Avesh Khan,JD Unadkat,Avesh Khan,MP Stoinis
106,JD Unadkat,Avesh Khan,JD Unadkat,Avesh Khan,KH Pandya,Ravi Bishnoi,KH Pandya,Ravi Bishnoi,MP Stoinis,KH Pandya,MP Stoinis,JD Unadkat,Ravi Bishnoi,KH Pandya,MP Stoinis,Ravi Bishnoi,Avesh Khan,JD Unadkat,Avesh Khan,MP Stoinis
107,JD Unadkat,Avesh Khan,JD Unadkat,Avesh Khan,MP Stoinis,Ravi Bishnoi,KH Pandya,Ravi Bishnoi,MP Stoinis,KH Pandya,MP Stoinis,KH Pandya,Ravi Bishnoi,KH Pandya,JD Unadkat,Ravi Bishnoi,Avesh Khan,JD Unadkat,Avesh Khan,MP Stoinis
108,JD Unadkat,Avesh Khan,JD Unadkat,Avesh Khan,MP Stoinis,Ravi Bishnoi,KH Pandya,Ravi Bishnoi,MP Stoinis,KH Pandya,MP Stoinis,KH Pandya,Ravi Bishnoi,KH Pandya,MP Stoinis,Ravi Bishnoi,Avesh Khan,JD Unadkat,Avesh Khan,JD Unadkat
109,JD Unadkat,Avesh Khan,JD Unadkat,Avesh Khan,MP Stoinis,Ravi Bishnoi,KH Pandya,Ravi Bishnoi,MP Stoinis,KH Pandya,MP Stoinis,KH Pandya,Ravi Bishnoi,KH Pandya,MP Stoinis,Ravi Bishnoi,JD Unadkat,Avesh Khan,JD Unadkat,Avesh Khan
110,JD Unadkat,KH Pandya,Avesh Khan,JD Unadkat,MP Stoinis,Ravi Bishnoi,KH Pandya,Ravi Bishnoi,MP Stoinis,KH Pandya,MP Stoinis,Avesh Khan,Ravi Bishnoi,KH Pandya,Avesh Khan,Ravi Bishnoi,JD Unadkat,Avesh Khan,JD Unadkat,MP Stoinis
111,JD Unadkat,KH Pandya,Avesh Khan,JD Unadkat,MP Stoinis,Ravi Bishnoi,KH Pandya,Ravi Bishnoi,JD Unadkat,KH Pandya,MP Stoinis,Avesh Khan,Ravi Bishnoi,KH Pandya,MP Stoinis,Ravi Bishnoi,Avesh Khan,JD Unadkat,Avesh Khan,MP Stoinis
112,JD Unadkat,KH Pandya,Avesh Khan,JD Unadkat,MP Stoinis,Ravi Bishnoi,KH Pandya,Ravi Bishnoi,MP Stoinis,KH Pandya,MP Stoinis,Avesh Khan,Ravi Bishnoi,KH Pandya,JD Unadkat,Ravi Bishnoi,Avesh Khan,JD Unadkat,Avesh Khan,MP Stoinis
113,JD Unadkat,KH Pandya,Avesh Khan,JD Unadkat,MP Stoinis,Ravi Bishnoi,KH Pandya,Ravi Bishnoi,MP Stoinis,KH Pandya,MP Stoinis,Avesh Khan,Ravi Bishnoi,KH Pandya,MP Stoinis,Ravi Bishnoi,Avesh Khan,JD Unadkat,Avesh Khan,JD Unadkat
114,JD Unadkat,KH Pandya,Avesh Khan,JD Unadkat,MP Stoinis,Ravi Bishnoi,KH Pandya,Ravi Bishnoi,MP Stoinis,KH Pandya,MP Stoinis,Avesh Khan,Ravi Bishnoi,KH Pandya,MP Stoinis,Ravi Bishnoi,JD Unadkat,Avesh Khan,JD Unadkat,Avesh Khan
115,JD Unadkat,KH Pandya,Avesh Khan,JD Unadkat,MP Stoinis,Ravi Bishnoi,KH Pandya,Ravi Bishnoi,MP Stoinis,KH Pandya,MP Stoinis,JD Unadkat,Ravi Bishnoi,KH Pandya,Avesh Khan,Ravi Bishnoi,Avesh Khan,JD Unadkat,Avesh Khan,MP Stoinis
116,JD Unadkat,KH Pandya,JD Unadkat,Avesh Khan,MP Stoinis,Ravi Bishnoi,KH Pandya,Ravi Bishnoi,MP Stoinis,KH Pandya,MP Stoinis,Avesh Khan,Ravi Bishnoi,KH Pandya,Avesh Khan,Ravi Bishnoi,JD Unadkat,Avesh Khan,JD Unadkat,MP Stoinis
117,JD Unadkat,KH Pandya,JD Unadkat,Avesh Khan,JD Unadkat,Ravi Bishnoi,KH Pandya,Ravi Bishnoi,MP Stoinis,KH Pandya,MP Stoinis,Avesh Khan,Ravi Bishnoi,KH Pandya,MP Stoinis,Ravi Bishnoi,Avesh Khan,JD Unadkat,Avesh Khan,MP Stoinis
118,JD Unadkat,KH Pandya,JD Unadkat,Avesh Khan,MP Stoinis,Ravi Bishnoi,KH Pandya,Ravi Bishnoi,JD Unadkat,KH Pandya,MP Stoinis,Avesh Khan,Ravi Bishnoi,KH Pandya,MP Stoinis,Ravi Bishnoi,Avesh Khan,JD Unadkat,Avesh Khan,MP Stoinis
119,JD Unadkat,KH Pandya,JD Unadkat,Avesh Khan,MP Stoinis,Ravi Bishnoi,KH Pandya,Ravi Bishnoi,MP Stoinis,KH Pandya,MP Stoinis,Avesh Khan,Ravi Bishnoi,KH Pandya,JD Unadkat,Ravi Bishnoi,Avesh Khan,JD Unadkat,Avesh Khan,MP Stoinis
120,JD Unadkat,KH Pandya,JD Unadkat,Avesh Khan,MP Stoinis,Ravi Bishnoi,KH Pandya,Ravi Bishnoi,MP Stoinis,KH Pandya,MP Stoinis,Avesh Khan,Ravi Bishnoi,KH Pandya,MP Stoinis,Ravi Bishnoi,Avesh Khan,JD Unadkat,Avesh Khan,JD Unadkat
121,JD Unadkat,KH Pandya,JD Unadkat,Avesh Khan,MP Stoinis,Ravi Bishnoi,KH Pandya,Ravi Bishnoi,MP Stoinis,KH Pandya,MP Stoinis,Avesh Khan,Ravi Bishnoi,KH Pandya,MP Stoinis,Ravi Bishnoi,JD Unadkat,Avesh Khan,JD Unadkat,Avesh Khan
122,JD Unadkat,KH Pandya,JD Unadkat,Avesh Khan,MP Stoinis,Ravi Bishnoi,KH Pandya,Ravi Bishnoi,MP Stoinis,KH Pandya,MP Stoinis,JD Unadkat,Ravi Bishnoi,KH Pandya,Avesh Khan,Ravi Bishnoi,Avesh Khan,JD Unadkat,Avesh Khan,MP Stoinis
123,JD Unadkat,Avesh Khan,JD Unadkat,Avesh Khan,KH Pandya,Ravi Bishnoi,KH Pandya,Ravi Bishnoi,MP Stoinis,KH Pandya,MP Stoinis,KH Pandya,JD Unadkat,Ravi Bishnoi,MP Stoinis,Ravi Bishnoi,Avesh Khan,JD Unadkat,Avesh Khan,MP Stoinis
124,JD Unadkat,KH Pandya,Avesh Khan,JD Unadkat,KH Pandya,Ravi Bishnoi,KH Pandya,Ravi Bishnoi,MP Stoinis,KH Pandya,MP Stoinis,Avesh Khan,JD Unadkat,Ravi Bishnoi,MP Stoinis,Ravi Bishnoi,Avesh Khan,JD Unadkat,Avesh Khan,MP Stoinis
125,JD Unadkat,KH Pandya,Avesh Khan,JD Unadkat,MP Stoinis,Ravi Bishnoi,KH Pandya,Ravi Bishnoi,MP Stoinis,KH Pandya,MP Stoinis,KH Pandya,JD Unadkat,Ravi Bishnoi,Avesh Khan,Ravi Bishnoi,Avesh Khan,JD Unadkat,Avesh Khan,MP Stoinis
126,JD Unadkat,KH Pandya,JD Unadkat,Avesh Khan,KH Pandya,Ravi Bishnoi,KH Pandya,Ravi Bishnoi,MP Stoinis,KH Pandya,MP Stoinis,Avesh Khan,JD Unadkat,Ravi Bishnoi,MP Stoinis,Ravi Bishnoi,Avesh Khan,JD Unadkat,Avesh Khan,MP Stoinis
127,JD Unadkat,KH Pandya,JD Unadkat,Avesh Khan,MP Stoinis,Ravi Bishnoi,KH Pandya,Ravi Bishnoi,MP Stoinis,KH Pandya,MP Stoinis,KH Pandya,JD Unadkat,Ravi Bishnoi,Avesh Khan,Ravi Bishnoi,Avesh Khan,JD Unadkat,Avesh Khan,MP Stoinis
128,JD Unadkat,KH Pandya,Avesh Khan,JD Unadkat,MP Stoinis,Avesh Khan,Ravi Bishnoi,KH Pandya,Ravi Bishnoi,KH Pandya,MP Stoinis,Ravi Bishnoi,JD Unadkat,Ravi Bishnoi,MP Stoinis,KH Pandya,Avesh Khan,JD Unadkat,Avesh Khan,MP Stoinis
129,JD Unadkat,KH Pandya,JD Unadkat,Avesh Khan,MP Stoinis,Avesh Khan,Ravi Bishnoi,KH Pandya,Ravi Bishnoi,KH Pandya,MP Stoinis,Ravi Bishnoi,JD Unadkat,Ravi Bishnoi,MP Stoinis,KH Pandya,Avesh Khan,JD Unadkat,Avesh Khan,MP Stoinis
130,JD Unadkat,KH Pandya,Avesh Khan,JD Unadkat,MP Stoinis,Avesh Khan,Ravi Bishnoi,KH Pandya,Ravi Bishnoi,KH Pandya,MP Stoinis,Ravi Bishnoi,JD Unadkat,KH Pandya,MP Stoinis,Ravi Bishnoi,Avesh Khan,JD Unadkat,Avesh Khan,MP Stoinis
131,JD Unadkat,KH Pandya,JD Unadkat,Avesh Khan,MP Stoinis,Avesh Khan,Ravi Bishnoi,KH Pandya,Ravi Bishnoi,KH Pandya,MP Stoinis,Ravi Bishnoi,JD Unadkat,KH Pandya,MP Stoinis,Ravi Bishnoi,Avesh Khan,JD Unadkat,Avesh Khan,MP Stoinis
132,JD Unadkat,Avesh Khan,JD Unadkat,Avesh Khan,MP Stoinis,Avesh Khan,Ravi Bishnoi,KH Pandya,Ravi Bishnoi,KH Pandya,MP Stoinis,KH Pandya,Ravi Bishnoi,KH Pandya,MP Stoinis,Ravi Bishnoi,JD Unadkat,Avesh Khan,JD Unadkat,MP Stoinis
133,JD Unadkat,Avesh Khan,JD Unadkat,Avesh Khan,MP Stoinis,JD Unadkat,Ravi Bishnoi,KH Pandya,Ravi Bishnoi,KH Pandya,MP Stoinis,KH Pandya,Ravi Bishnoi,KH Pandya,MP Stoinis,Ravi Bishnoi,Avesh Khan,JD Unadkat,Avesh Khan,MP Stoinis
134,JD Unadkat,KH Pandya,Avesh Khan,JD Unadkat,MP Stoinis,Avesh Khan,Ravi Bishnoi,KH Pandya,Ravi Bishnoi,KH Pandya,MP Stoinis,Avesh Khan,Ravi Bishnoi,KH Pandya,MP Stoinis,Ravi Bishnoi,JD Unadkat,Avesh Khan,JD Unadkat,MP Stoinis
135,JD Unadkat,KH Pandya,Avesh Khan,JD Unadkat,MP Stoinis,Avesh Khan,Ravi Bishnoi,KH Pandya,Ravi Bishnoi,KH Pandya,MP Stoinis,JD Unadkat,Ravi Bishnoi,KH Pandya,MP Stoinis,Ravi Bishnoi,Avesh Khan,JD Unadkat,Avesh Khan,MP Stoinis
136,JD Unadkat,KH Pandya,Avesh Khan,JD Unadkat,MP Stoinis,JD Unadkat,Ravi Bishnoi,KH Pandya,Ravi Bishnoi,KH Pandya,MP Stoinis,Avesh Khan,Ravi Bishnoi,KH Pandya,MP Stoinis,Ravi Bishnoi,Avesh Khan,JD Unadkat,Avesh Khan,MP Stoinis
137,JD Unadkat,KH Pandya,JD Unadkat,Avesh Khan,MP Stoinis,Avesh Khan,Ravi Bishnoi,KH Pandya,Ravi Bishnoi,KH Pandya,MP Stoinis,Avesh Khan,Ravi Bishnoi,KH Pandya,MP Stoinis,Ravi Bishnoi,JD Unadkat,Avesh Khan,JD Unadkat,MP Stoinis
138,JD Unadkat,KH Pandya,JD Unadkat,Avesh Khan,MP Stoinis,Avesh Khan,Ravi Bishnoi,KH Pandya,Ravi Bishnoi,KH Pandya,MP Stoinis,JD Unadkat,Ravi Bishnoi,KH Pandya,MP Stoinis,Ravi Bishnoi,Avesh Khan,JD Unadkat,Avesh Khan,MP Stoinis
139,JD Unadkat,KH Pandya,JD Unadkat,Avesh Khan,MP Stoinis,JD Unadkat,Ravi Bishnoi,KH Pandya,Ravi Bishnoi,KH Pandya,MP Stoinis,Avesh Khan,Ravi Bishnoi,KH Pandya,MP Stoinis,Ravi Bishnoi,Avesh Khan,JD Unadkat,Avesh Khan,MP Stoinis
140,JD Unadkat,KH Pandya,Avesh Khan,JD Unadkat,MP Stoinis,Avesh Khan,Ravi Bishnoi,KH Pandya,Ravi Bishnoi,KH Pandya,MP Stoinis,KH Pandya,JD Unadkat,Ravi Bishnoi,MP Stoinis,Ravi Bishnoi,Avesh Khan,JD Unadkat,Avesh Khan,MP Stoinis
141,JD Unadkat,KH Pandya,JD Unadkat,Avesh Khan,MP Stoinis,Avesh Khan,Ravi Bishnoi,KH Pandya,Ravi Bishnoi,KH Pandya,MP Stoinis,KH Pandya,JD Unadkat,Ravi Bishnoi,MP Stoinis,Ravi Bishnoi,Avesh Khan,JD Unadkat,Avesh Khan,MP Stoinis
142,JD Unadkat,KH Pandya,Avesh Khan,JD Unadkat,KH Pandya,Avesh Khan,Ravi Bishnoi,KH Pandya,MP Stoinis,Ravi Bishnoi,MP Stoinis,Ravi Bishnoi,JD Unadkat,Ravi Bishnoi,MP Stoinis,KH Pandya,Avesh Khan,JD Unadkat,Avesh Khan,MP Stoinis
143,JD Unadkat,KH Pandya,Avesh Khan,JD Unadkat,MP Stoinis,Avesh Khan,Ravi Bishnoi,KH Pandya,MP Stoinis,Ravi Bishnoi,KH Pandya,Ravi Bishnoi,JD Unadkat,Ravi Bishnoi,MP Stoinis,KH Pandya,Avesh Khan,JD Unadkat,Avesh Khan,MP Stoinis
144,JD Unadkat,KH Pandya,JD Unadkat,Avesh Khan,KH Pandya,Avesh Khan,Ravi Bishnoi,KH Pandya,MP Stoinis,Ravi Bishnoi,MP Stoinis,Ravi Bishnoi,JD Unadkat,Ravi Bishnoi,MP Stoinis,KH Pandya,Avesh Khan,JD Unadkat,Avesh Khan,MP Stoinis
145,JD Unadkat,KH Pandya,JD Unadkat,Avesh Khan,MP Stoinis,Avesh Khan,Ravi Bishnoi,KH Pandya,MP Stoinis,Ravi Bishnoi,KH Pandya,Ravi Bishnoi,JD Unadkat,Ravi Bishnoi,MP Stoinis,KH Pandya,Avesh Khan,JD Unadkat,Avesh Khan,MP Stoinis
146,JD Unadkat,KH Pandya,Avesh Khan,JD Unadkat,MP Stoinis,Avesh Khan,Ravi Bishnoi,KH Pandya,MP Stoinis,Ravi Bishnoi,MP Stoinis,Ravi Bishnoi,JD Unadkat,KH Pandya,Ravi Bishnoi,KH Pandya,Avesh Khan,JD Unadkat,Avesh Khan,MP Stoinis
147,JD Unadkat,KH Pandya,JD Unadkat,Avesh Khan,MP Stoinis,Avesh Khan,Ravi Bishnoi,KH Pandya,MP Stoinis,Ravi Bishnoi,MP Stoinis,Ravi Bishnoi,JD Unadkat,KH Pandya,Ravi Bishnoi,KH Pandya,Avesh Khan,JD Unadkat,Avesh Khan,MP Stoinis
148,JD Unadkat,KH Pandya,Avesh Khan,JD Unadkat,KH Pandya,Avesh Khan,Ravi Bishnoi,KH Pandya,MP Stoinis,Ravi Bishnoi,MP Stoinis,Ravi Bishnoi,JD Unadkat,KH Pandya,MP Stoinis,Ravi Bishnoi,Avesh Khan,JD Unadkat,Avesh Khan,MP Stoinis
149,JD Unadkat,KH Pandya,Avesh Khan,JD Unadkat,MP Stoinis,Avesh Khan,Ravi Bishnoi,KH Pandya,MP Stoinis,Ravi Bishnoi,KH Pandya,Ravi Bishnoi,JD Unadkat,KH Pandya,MP Stoinis,Ravi Bishnoi,Avesh Khan,JD Unadkat,Avesh Khan,MP Stoinis
150,JD Unadkat,KH Pandya,JD Unadkat,Avesh Khan,KH Pandya,Avesh Khan,Ravi Bishnoi,KH Pandya,MP Stoinis,Ravi Bishnoi,MP Stoinis,Ravi Bishnoi,JD Unadkat,KH Pandya,MP Stoinis,Ravi Bishnoi,Avesh Khan,JD Unadkat,Avesh Khan,MP Stoinis
151,JD Unadkat,KH Pandya,JD Unadkat,Avesh Khan,MP Stoinis,Avesh Khan,Ravi Bishnoi,KH Pandya,MP Stoinis,Ravi Bishnoi,KH Pandya,Ravi Bishnoi,JD Unadkat,KH Pandya,MP Stoinis,Ravi Bishnoi,Avesh Khan,JD Unadkat,Avesh Khan,MP Stoinis
152,JD Unadkat,Avesh Khan,JD Unadkat,Avesh Khan,MP Stoinis,Avesh Khan,Ravi Bishnoi,KH Pandya,MP Stoinis,Ravi Bishnoi,MP Stoinis,KH Pandya,Ravi Bishnoi,KH Pandya,Ravi Bishnoi,KH Pandya,JD Unadkat,Avesh Khan,JD Unadkat,MP Stoinis
153,JD Unadkat,Avesh Khan,JD Unadkat,Avesh Khan,MP Stoinis,JD Unadkat,Ravi Bishnoi,KH Pandya,MP Stoinis,Ravi Bishnoi,MP Stoinis,KH Pandya,Ravi Bishnoi,KH Pandya,Ravi Bishnoi,KH Pandya,Avesh Khan,JD Unadkat,Avesh Khan,MP Stoinis
154,JD Unadkat,KH Pandya,Avesh Khan,JD Unadkat,MP Stoinis,Avesh Khan,Ravi Bishnoi,KH Pandya,MP Stoinis,Ravi Bishnoi,MP Stoinis,Avesh Khan,Ravi Bishnoi,KH Pandya,Ravi Bishnoi,KH Pandya,JD Unadkat,Avesh Khan,JD Unadkat,MP Stoinis
155,JD Unadkat,KH Pandya,Avesh Khan,JD Unadkat,MP Stoinis,Avesh Khan,Ravi Bishnoi,KH Pandya,MP Stoinis,Ravi Bishnoi,MP Stoinis,KH Pandya,Ravi Bishnoi,KH Pandya,Ravi Bishnoi,Avesh Khan,JD Unadkat,Avesh Khan,JD Unadkat,MP Stoinis
156,JD Unadkat,KH Pandya,Avesh Khan,JD Unadkat,MP Stoinis,Avesh Khan,Ravi Bishnoi,KH Pandya,MP Stoinis,Ravi Bishnoi,MP Stoinis,JD Unadkat,Ravi Bishnoi,KH Pandya,Ravi Bishnoi,KH Pandya,Avesh Khan,JD Unadkat,Avesh Khan,MP Stoinis
157,JD Unadkat,KH Pandya,Avesh Khan,JD Unadkat,MP Stoinis,Avesh Khan,Ravi Bishnoi,KH Pandya,MP Stoinis,Ravi Bishnoi,MP Stoinis,KH Pandya,Ravi Bishnoi,KH Pandya,Ravi Bishnoi,JD Unadkat,Avesh Khan,JD Unadkat,Avesh Khan,MP Stoinis
158,JD Unadkat,KH Pandya,Avesh Khan,JD Unadkat,MP Stoinis,JD Unadkat,Ravi Bishnoi,KH Pandya,MP Stoinis,Ravi Bishnoi,MP Stoinis,Avesh Khan,Ravi Bishnoi,KH Pandya,Ravi Bishnoi,KH Pandya,Avesh Khan,JD Unadkat,Avesh Khan,MP Stoinis
159,JD Unadkat,KH Pandya,JD Unadkat,Avesh Khan,MP Stoinis,Avesh Khan,Ravi Bishnoi,KH Pandya,MP Stoinis,Ravi Bishnoi,MP Stoinis,Avesh Khan,Ravi Bishnoi,KH Pandya,Ravi Bishnoi,KH Pandya,JD Unadkat,Avesh Khan,JD Unadkat,MP Stoinis
160,JD Unadkat,KH Pandya,JD Unadkat,Avesh Khan,MP Stoinis,Avesh Khan,Ravi Bishnoi,KH Pandya,MP Stoinis,Ravi Bishnoi,MP Stoinis,KH Pandya,Ravi Bishnoi,KH Pandya,Ravi Bishnoi,Avesh Khan,JD Unadkat,Avesh Khan,JD Unadkat,MP Stoinis
161,JD Unadkat,KH Pandya,JD Unadkat,Avesh Khan,MP Stoinis,Avesh Khan,Ravi Bishnoi,KH Pandya,MP Stoinis,Ravi Bishnoi,MP Stoinis,JD Unadkat,Ravi Bishnoi,KH Pandya,Ravi Bishnoi,KH Pandya,Avesh Khan,JD Unadkat,Avesh Khan,MP Stoinis
162,JD Unadkat,KH Pandya,JD Unadkat,Avesh Khan,MP Stoinis,Avesh Khan,Ravi Bishnoi,KH Pandya,MP Stoinis,Ravi Bishnoi,MP Stoinis,KH Pandya,Ravi Bishnoi,KH Pandya,Ravi Bishnoi,JD Unadkat,Avesh Khan,JD Unadkat,Avesh Khan,MP Stoinis
163,JD Unadkat,KH Pandya,JD Unadkat,Avesh Khan,MP Stoinis,JD Unadkat,Ravi Bishnoi,KH Pandya,MP Stoinis,Ravi Bishnoi,MP Stoinis,Avesh Khan,Ravi Bishnoi,KH Pandya,Ravi Bishnoi,KH Pandya,Avesh Khan,JD Unadkat,Avesh Khan,MP Stoinis
164,JD Unadkat,Avesh Khan,JD Unadkat,Avesh Khan,KH Pandya,Avesh Khan,Ravi Bishnoi,KH Pandya,MP Stoinis,Ravi Bishnoi,MP Stoinis,KH Pandya,Ravi Bishnoi,KH Pandya,MP Stoinis,Ravi Bishnoi,JD Unadkat,Avesh Khan,JD Unadkat,MP Stoinis
165,JD Unadkat,Avesh Khan,JD Unadkat,Avesh Khan,KH Pandya,JD Unadkat,Ravi Bishnoi,KH Pandya,MP Stoinis,Ravi Bishnoi,MP Stoinis,KH Pandya,Ravi Bishnoi,KH Pandya,MP Stoinis,Ravi Bishnoi,Avesh Khan,JD Unadkat,Avesh Khan,MP Stoinis
166,JD Unadkat,KH Pandya,Avesh Khan,JD Unadkat,KH Pandya,Avesh Khan,Ravi Bishnoi,KH Pandya,MP Stoinis,Ravi Bishnoi,MP Stoinis,Avesh Khan,Ravi Bishnoi,KH Pandya,MP Stoinis,Ravi Bishnoi,JD Unadkat,Avesh Khan,JD Unadkat,MP Stoinis
167,JD Unadkat,KH Pandya,Avesh Khan,JD Unadkat,MP Stoinis,Avesh Khan,Ravi Bishnoi,KH Pandya,MP Stoinis,Ravi Bishnoi,KH Pandya,Avesh Khan,Ravi Bishnoi,KH Pandya,MP Stoinis,Ravi Bishnoi,JD Unadkat,Avesh Khan,JD Unadkat,MP Stoinis
168,JD Unadkat,KH Pandya,Avesh Khan,JD Unadkat,MP Stoinis,Avesh Khan,Ravi Bishnoi,KH Pandya,MP Stoinis,Ravi Bishnoi,MP Stoinis,KH Pandya,Ravi Bishnoi,KH Pandya,Avesh Khan,Ravi Bishnoi,JD Unadkat,Avesh Khan,JD Unadkat,MP Stoinis
169,JD Unadkat,KH Pandya,Avesh Khan,JD Unadkat,MP Stoinis,Avesh Khan,Ravi Bishnoi,KH Pandya,JD Unadkat,Ravi Bishnoi,MP Stoinis,KH Pandya,Ravi Bishnoi,KH Pandya,MP Stoinis,Ravi Bishnoi,Avesh Khan,JD Unadkat,Avesh Khan,MP Stoinis
170,JD Unadkat,KH Pandya,Avesh Khan,JD Unadkat,KH Pandya,Avesh Khan,Ravi Bishnoi,KH Pandya,MP Stoinis,Ravi Bishnoi,MP Stoinis,JD Unadkat,Ravi Bishnoi,KH Pandya,MP Stoinis,Ravi Bishnoi,Avesh Khan,JD Unadkat,Avesh Khan,MP Stoinis
171,JD Unadkat,KH Pandya,Avesh Khan,JD Unadkat,MP Stoinis,Avesh Khan,Ravi Bishnoi,KH Pandya,MP Stoinis,Ravi Bishnoi,KH Pandya,JD Unadkat,Ravi Bishnoi,KH Pandya,MP Stoinis,Ravi Bishnoi,Avesh Khan,JD Unadkat,Avesh Khan,MP Stoinis
172,JD Unadkat,KH Pandya,Avesh Khan,JD Unadkat,MP Stoinis,Avesh Khan,Ravi Bishnoi,KH Pandya,MP Stoinis,Ravi Bishnoi,MP Stoinis,KH Pandya,Ravi Bishnoi,KH Pandya,JD Unadkat,Ravi Bishnoi,Avesh Khan,JD Unadkat,Avesh Khan,MP Stoinis
173,JD Unadkat,KH Pandya,Avesh Khan,JD Unadkat,MP Stoinis,Avesh Khan,Ravi Bishnoi,KH Pandya,MP Stoinis,Ravi Bishnoi,MP Stoinis,KH Pandya,Ravi Bishnoi,KH Pandya,MP Stoinis,Ravi Bishnoi,Avesh Khan,JD Unadkat,Avesh Khan,JD Unadkat
174,JD Unadkat,KH Pandya,Avesh Khan,JD Unadkat,MP Stoinis,Avesh Khan,Ravi Bishnoi,KH Pandya,MP Stoinis,Ravi Bishnoi,MP Stoinis,KH Pandya,Ravi Bishnoi,KH Pandya,MP Stoinis,Ravi Bishnoi,JD Unadkat,Avesh Khan,JD Unadkat,Avesh Khan
175,JD Unadkat,KH Pandya,Avesh Khan,JD Unadkat,KH Pandya,JD Unadkat,Ravi Bishnoi,KH Pandya,MP Stoinis,Ravi Bishnoi,MP Stoinis,Avesh Khan,Ravi Bishnoi,KH Pandya,MP Stoinis,Ravi Bishnoi,Avesh Khan,JD Unadkat,Avesh Khan,MP Stoinis
176,JD Unadkat,KH Pandya,Avesh Khan,JD Unadkat,MP Stoinis,JD Unadkat,Ravi Bishnoi,KH Pandya,MP Stoinis,Ravi Bishnoi,KH Pandya,Avesh Khan,Ravi Bishnoi,KH Pandya,MP Stoinis,Ravi Bishnoi,Avesh Khan,JD Unadkat,Avesh Khan,MP Stoinis
177,JD Unadkat,KH Pandya,Avesh Khan,JD Unadkat,MP Stoinis,JD Unadkat,Ravi Bishnoi,KH Pandya,MP Stoinis,Ravi Bishnoi,MP Stoinis,KH Pandya,Ravi Bishnoi,KH Pandya,Avesh Khan,Ravi Bishnoi,Avesh Khan,JD Unadkat,Avesh Khan,MP Stoinis
178,JD Unadkat,KH Pandya,JD Unadkat,Avesh Khan,KH Pandya,Avesh Khan,Ravi Bishnoi,KH Pandya,MP Stoinis,Ravi Bishnoi,MP Stoinis,Avesh Khan,Ravi Bishnoi,KH Pandya,MP Stoinis,Ravi Bishnoi,JD Unadkat,Avesh Khan,JD Unadkat,MP Stoinis
179,JD Unadkat,KH Pandya,JD Unadkat,Avesh Khan,MP Stoinis,Avesh Khan,Ravi Bishnoi,KH Pandya,MP Stoinis,Ravi Bishnoi,KH Pandya,Avesh Khan,Ravi Bishnoi,KH Pandya,MP Stoinis,Ravi Bishnoi,JD Unadkat,Avesh Khan,JD Unadkat,MP Stoinis
180,JD Unadkat,KH Pandya,JD Unadkat,Avesh Khan,MP Stoinis,Avesh Khan,Ravi Bishnoi,KH Pandya,MP Stoinis,Ravi Bishnoi,MP Stoinis,KH Pandya,Ravi Bishnoi,KH Pandya,Avesh Khan,Ravi Bishnoi,JD Unadkat,Avesh Khan,JD Unadkat,MP Stoinis
181,JD Unadkat,KH Pandya,JD Unadkat,Avesh Khan,JD Unadkat,Avesh Khan,Ravi Bishnoi,KH Pandya,MP Stoinis,Ravi Bishnoi,MP Stoinis,KH Pandya,Ravi Bishnoi,KH Pandya,MP Stoinis,Ravi Bishnoi,Avesh Khan,JD Unadkat,Avesh Khan,MP Stoinis
182,JD Unadkat,KH Pandya,JD Unadkat,Avesh Khan,MP Stoinis,Avesh Khan,Ravi Bishnoi,KH Pandya,JD Unadkat,Ravi Bishnoi,MP Stoinis,KH Pandya,Ravi Bishnoi,KH Pandya,MP Stoinis,Ravi Bishnoi,Avesh Khan,JD Unadkat,Avesh Khan,MP Stoinis
183,JD Unadkat,KH Pandya,JD Unadkat,Avesh Khan,KH Pandya,Avesh Khan,Ravi Bishnoi,KH Pandya,MP Stoinis,Ravi Bishnoi,MP Stoinis,JD Unadkat,Ravi Bishnoi,KH Pandya,MP Stoinis,Ravi Bishnoi,Avesh Khan,JD Unadkat,Avesh Khan,MP Stoinis
184,JD Unadkat,KH Pandya,JD Unadkat,Avesh Khan,MP Stoinis,Avesh Khan,Ravi Bishnoi,KH Pandya,MP Stoinis,Ravi Bishnoi,KH Pandya,JD Unadkat,Ravi Bishnoi,KH Pandya,MP Stoinis,Ravi Bishnoi,Avesh Khan,JD Unadkat,Avesh Khan,MP Stoinis
185,JD Unadkat,KH Pandya,JD Unadkat,Avesh Khan,MP Stoinis,Avesh Khan,Ravi Bishnoi,KH Pandya,MP Stoinis,Ravi Bishnoi,MP Stoinis,KH Pandya,Ravi Bishnoi,KH Pandya,JD Unadkat,Ravi Bishnoi,Avesh Khan,JD Unadkat,Avesh Khan,MP Stoinis
186,JD Unadkat,KH Pandya,JD Unadkat,Avesh Khan,MP Stoinis,Avesh Khan,Ravi Bishnoi,KH Pandya,MP Stoinis,Ravi Bishnoi,MP Stoinis,KH Pandya,Ravi Bishnoi,KH Pandya,MP Stoinis,Ravi Bishnoi,Avesh Khan,JD Unadkat,Avesh Khan,JD Unadkat
187,JD Unadkat,KH Pandya,JD Unadkat,Avesh Khan,MP Stoinis,Avesh Khan,Ravi Bishnoi,KH Pandya,MP Stoinis,Ravi Bishnoi,MP Stoinis,KH Pandya,Ravi Bishnoi,KH Pandya,MP Stoinis,Ravi Bishnoi,JD Unadkat,Avesh Khan,JD Unadkat,Avesh Khan
188,JD Unadkat,KH Pandya,JD Unadkat,Avesh Khan,KH Pandya,JD Unadkat,Ravi Bishnoi,KH Pandya,MP Stoinis,Ravi Bishnoi,MP Stoinis,Avesh Khan,Ravi Bishnoi,KH Pandya,MP Stoinis,Ravi Bishnoi,Avesh Khan,JD Unadkat,Avesh Khan,MP Stoinis
189,JD Unadkat,KH Pandya,JD Unadkat,Avesh Khan,MP Stoinis,JD Unadkat,Ravi Bishnoi,KH Pandya,MP Stoinis,Ravi Bishnoi,KH Pandya,Avesh Khan,Ravi Bishnoi,KH Pandya,MP Stoinis,Ravi Bishnoi,Avesh Khan,JD Unadkat,Avesh Khan,MP Stoinis
190,JD Unadkat,KH Pandya,JD Unadkat,Avesh Khan,MP Stoinis,JD Unadkat,Ravi Bishnoi,KH Pandya,MP Stoinis,Ravi Bishnoi,MP Stoinis,KH Pandya,Ravi Bishnoi,KH Pandya,Avesh Khan,Ravi Bishnoi,Avesh Khan,JD Unadkat,Avesh Khan,MP Stoinis
191,JD Unadkat,KH Pandya,Avesh Khan,JD Unadkat,KH Pandya,Avesh Khan,Ravi Bishnoi,KH Pandya,MP Stoinis,Ravi Bishnoi,MP Stoinis,KH Pandya,JD Unadkat,Ravi Bishnoi,MP Stoinis,Ravi Bishnoi,Avesh Khan,JD Unadkat,Avesh Khan,MP Stoinis
192,JD Unadkat,KH Pandya,JD Unadkat,Avesh Khan,KH Pandya,Avesh Khan,Ravi Bishnoi,KH Pandya,MP Stoinis,Ravi Bishnoi,MP Stoinis,KH Pandya,JD Unadkat,Ravi Bishnoi,MP Stoinis,Ravi Bishnoi,Avesh Khan,JD Unadkat,Avesh Khan,MP Stoinis
193,JD Unadkat,Avesh Khan,JD Unadkat,Avesh Khan,MP Stoinis,Avesh Khan,Ravi Bishnoi,KH Pandya,MP Stoinis,KH Pandya,Ravi Bishnoi,KH Pandya,Ravi Bishnoi,KH Pandya,MP Stoinis,Ravi Bishnoi,JD Unadkat,Avesh Khan,JD Unadkat,MP Stoinis
194,JD Unadkat,Avesh Khan,JD Unadkat,Avesh Khan,MP Stoinis,JD Unadkat,Ravi Bishnoi,KH Pandya,MP Stoinis,KH Pandya,Ravi Bishnoi,KH Pandya,Ravi Bishnoi,KH Pandya,MP Stoinis,Ravi Bishnoi,Avesh Khan,JD Unadkat,Avesh Khan,MP Stoinis
195,JD Unadkat,KH Pandya,Avesh Khan,JD Unadkat,MP Stoinis,Avesh Khan,Ravi Bishnoi,KH Pandya,MP Stoinis,KH Pandya,Ravi Bishnoi,Avesh Khan,Ravi Bishnoi,KH Pandya,MP Stoinis,Ravi Bishnoi,JD Unadkat,Avesh Khan,JD Unadkat,MP Stoinis
196,JD Unadkat,KH Pandya,Avesh Khan,JD Unadkat,MP Stoinis,Avesh Khan,Ravi Bishnoi,KH Pandya,MP Stoinis,KH Pandya,Ravi Bishnoi,JD Unadkat,Ravi Bishnoi,KH Pandya,MP Stoinis,Ravi Bishnoi,Avesh Khan,JD Unadkat,Avesh Khan,MP Stoinis
197,JD Unadkat,KH Pandya,Avesh Khan,JD Unadkat,MP Stoinis,JD Unadkat,Ravi Bishnoi,KH Pandya,MP Stoinis,KH Pandya,Ravi Bishnoi,Avesh Khan,Ravi Bishnoi,KH Pandya,MP Stoinis,Ravi Bishnoi,Avesh Khan,JD Unadkat,Avesh Khan,MP Stoinis
198,JD Unadkat,KH Pandya,JD Unadkat,Avesh Khan,MP Stoinis,Avesh Khan,Ravi Bishnoi,KH Pandya,MP Stoinis,KH Pandya,Ravi Bishnoi,Avesh Khan,Ravi Bishnoi,KH Pandya,MP Stoinis,Ravi Bishnoi,JD Unadkat,Avesh Khan,JD Unadkat,MP Stoinis
199,JD Unadkat,KH Pandya,JD Unadkat,Avesh Khan,MP Stoinis,Avesh Khan,Ravi Bishnoi,KH Pandya,MP Stoinis,KH Pandya,Ravi Bishnoi,JD Unadkat,Ravi Bishnoi,KH Pandya,MP Stoinis,Ravi Bishnoi,Avesh Khan,JD Unadkat,Avesh Khan,MP Stoinis
200,JD Unadkat,KH Pandya,JD Unadkat,Avesh Khan,MP Stoinis,JD Unadkat,Ravi Bishnoi,KH Pandya,MP Stoinis,KH Pandya,Ravi Bishnoi,Avesh Khan,Ravi Bishnoi,KH Pandya,MP Stoinis,Ravi Bishnoi,Avesh Khan,JD Unadkat,Avesh Khan,MP Stoinis
201,JD Unadkat,KH Pandya,Avesh Khan,JD Unadkat,MP Stoinis,Avesh Khan,Ravi Bishnoi,KH Pandya,MP Stoinis,KH Pandya,Ravi Bishnoi,KH Pandya,JD Unadkat,Ravi Bishnoi,MP Stoinis,Ravi Bishnoi,Avesh Khan,JD Unadkat,Avesh Khan,MP Stoinis
202,JD Unadkat,KH Pandya,JD Unadkat,Avesh Khan,MP Stoinis,Avesh Khan,Ravi Bishnoi,KH Pandya,MP Stoinis,KH Pandya,Ravi Bishnoi,KH Pandya,JD Unadkat,Ravi Bishnoi,MP Stoinis,Ravi Bishnoi,Avesh Khan,JD Unadkat,Avesh Khan,MP Stoinis
203,JD Unadkat,KH Pandya,Avesh Khan,JD Unadkat,KH Pandya,Avesh Khan,Ravi Bishnoi,KH Pandya,MP Stoinis,KH Pandya,MP Stoinis,Ravi Bishnoi,JD Unadkat,Ravi Bishnoi,MP Stoinis,Ravi Bishnoi,Avesh Khan,JD Unadkat,Avesh Khan,MP Stoinis
204,JD Unadkat,KH Pandya,JD Unadkat,Avesh Khan,KH Pandya,Avesh Khan,Ravi Bishnoi,KH Pandya,MP Stoinis,KH Pandya,MP Stoinis,Ravi Bishnoi,JD Unadkat,Ravi Bishnoi,MP Stoinis,Ravi Bishnoi,Avesh Khan,JD Unadkat,Avesh Khan,MP Stoinis
205,JD Unadkat,KH Pandya,Avesh Khan,JD Unadkat,KH Pandya,Avesh Khan,KH Pandya,Ravi Bishnoi,MP Stoinis,Ravi Bishnoi,MP Stoinis,Ravi Bishnoi,JD Unadkat,Ravi Bishnoi,MP Stoinis,KH Pandya,Avesh Khan,JD Unadkat,Avesh Khan,MP Stoinis
206,JD Unadkat,KH Pandya,Avesh Khan,JD Unadkat,MP Stoinis,Avesh Khan,KH Pandya,Ravi Bishnoi,KH Pandya,Ravi Bishnoi,MP Stoinis,Ravi Bishnoi,JD Unadkat,Ravi Bishnoi,MP Stoinis,KH Pandya,Avesh Khan,JD Unadkat,Avesh Khan,MP Stoinis
207,JD Unadkat,KH Pandya,Avesh Khan,JD Unadkat,MP Stoinis,Avesh Khan,KH Pandya,Ravi Bishnoi,MP Stoinis,Ravi Bishnoi,KH Pandya,Ravi Bishnoi,JD Unadkat,Ravi Bishnoi,MP Stoinis,KH Pandya,Avesh Khan,JD Unadkat,Avesh Khan,MP Stoinis
208,JD Unadkat,KH Pandya,JD Unadkat,Avesh Khan,KH Pandya,Avesh Khan,KH Pandya,Ravi Bishnoi,MP Stoinis,Ravi Bishnoi,MP Stoinis,Ravi Bishnoi,JD Unadkat,Ravi Bishnoi,MP Stoinis,KH Pandya,Avesh Khan,JD Unadkat,Avesh Khan,MP Stoinis
209,JD Unadkat,KH Pandya,JD Unadkat,Avesh Khan,MP Stoinis,Avesh Khan,KH Pandya,Ravi Bishnoi,KH Pandya,Ravi Bishnoi,MP Stoinis,Ravi Bishnoi,JD Unadkat,Ravi Bishnoi,MP Stoinis,KH Pandya,Avesh Khan,JD Unadkat,Avesh Khan,MP Stoinis
210,JD Unadkat,KH Pandya,JD Unadkat,Avesh Khan,MP Stoinis,Avesh Khan,KH Pandya,Ravi Bishnoi,MP Stoinis,Ravi Bishnoi,KH Pandya,Ravi Bishnoi,JD Unadkat,Ravi Bishnoi,MP Stoinis,KH Pandya,Avesh Khan,JD Unadkat,Avesh Khan,MP Stoinis
211,JD Unadkat,KH Pandya,Avesh Khan,JD Unadkat,MP Stoinis,Avesh Khan,KH Pandya,Ravi Bishnoi,MP Stoinis,Ravi Bishnoi,MP Stoinis,Ravi Bishnoi,JD Unadkat,KH Pandya,Ravi Bishnoi,KH Pandya,Avesh Khan,JD Unadkat,Avesh Khan,MP Stoinis
212,JD Unadkat,KH Pandya,JD Unadkat,Avesh Khan,MP Stoinis,Avesh Khan,KH Pandya,Ravi Bishnoi,MP Stoinis,Ravi Bishnoi,MP Stoinis,Ravi Bishnoi,JD Unadkat,KH Pandya,Ravi Bishnoi,KH Pandya,Avesh Khan,JD Unadkat,Avesh Khan,MP Stoinis
213,JD Unadkat,KH Pandya,Avesh Khan,JD Unadkat,KH Pandya,Avesh Khan,KH Pandya,Ravi Bishnoi,MP Stoinis,Ravi Bishnoi,MP Stoinis,Ravi Bishnoi,JD Unadkat,KH Pandya,MP Stoinis,Ravi Bishnoi,Avesh Khan,JD Unadkat,Avesh Khan,MP Stoinis
214,JD Unadkat,KH Pandya,Avesh Khan,JD Unadkat,MP Stoinis,Avesh Khan,KH Pandya,Ravi Bishnoi,KH Pandya,Ravi Bishnoi,MP Stoinis,Ravi Bishnoi,JD Unadkat,KH Pandya,MP Stoinis,Ravi Bishnoi,Avesh Khan,JD Unadkat,Avesh Khan,MP Stoinis
215,JD Unadkat,KH Pandya,Avesh Khan,JD Unadkat,MP Stoinis,Avesh Khan,KH Pandya,Ravi Bishnoi,MP Stoinis,Ravi Bishnoi,KH Pandya,Ravi Bishnoi,JD Unadkat,KH Pandya,MP Stoinis,Ravi Bishnoi,Avesh Khan,JD Unadkat,Avesh Khan,MP Stoinis
216,JD Unadkat,KH Pandya,JD Unadkat,Avesh Khan,KH Pandya,Avesh Khan,KH Pandya,Ravi Bishnoi,MP Stoinis,Ravi Bishnoi,MP Stoinis,Ravi Bishnoi,JD Unadkat,KH Pandya,MP Stoinis,Ravi Bishnoi,Avesh Khan,JD Unadkat,Avesh Khan,MP Stoinis
217,JD Unadkat,KH Pandya,JD Unadkat,Avesh Khan,MP Stoinis,Avesh Khan,KH Pandya,Ravi Bishnoi,KH Pandya,Ravi Bishnoi,MP Stoinis,Ravi Bishnoi,JD Unadkat,KH Pandya,MP Stoinis,Ravi Bishnoi,Avesh Khan,JD Unadkat,Avesh Khan,MP Stoinis
218,JD Unadkat,KH Pandya,JD Unadkat,Avesh Khan,MP Stoinis,Avesh Khan,KH Pandya,Ravi Bishnoi,MP Stoinis,Ravi Bishnoi,KH Pandya,Ravi Bishnoi,JD Unadkat,KH Pandya,MP Stoinis,Ravi Bishnoi,Avesh Khan,JD Unadkat,Avesh Khan,MP Stoinis
219,JD Unadkat,Avesh Khan,JD Unadkat,Avesh Khan,MP Stoinis,Avesh Khan,KH Pandya,Ravi Bishnoi,MP Stoinis,Ravi Bishnoi,MP Stoinis,KH Pandya,Ravi Bishnoi,KH Pandya,Ravi Bishnoi,KH Pandya,JD Unadkat,Avesh Khan,JD Unadkat,MP Stoinis
220,JD Unadkat,Avesh Khan,JD Unadkat,Avesh Khan,MP Stoinis,JD Unadkat,KH Pandya,Ravi Bishnoi,MP Stoinis,Ravi Bishnoi,MP Stoinis,KH Pandya,Ravi Bishnoi,KH Pandya,Ravi Bishnoi,KH Pandya,Avesh Khan,JD Unadkat,Avesh Khan,MP Stoinis
221,JD Unadkat,KH Pandya,Avesh Khan,JD Unadkat,MP Stoinis,Avesh Khan,KH Pandya,Ravi Bishnoi,MP Stoinis,Ravi Bishnoi,MP Stoinis,Avesh Khan,Ravi Bishnoi,KH Pandya,Ravi Bishnoi,KH Pandya,JD Unadkat,Avesh Khan,JD Unadkat,MP Stoinis
222,JD Unadkat,KH Pandya,Avesh Khan,JD Unadkat,MP Stoinis,Avesh Khan,KH Pandya,Ravi Bishnoi,MP Stoinis,Ravi Bishnoi,MP Stoinis,KH Pandya,Ravi Bishnoi,KH Pandya,Ravi Bishnoi,Avesh Khan,JD Unadkat,Avesh Khan,JD Unadkat,MP Stoinis
223,JD Unadkat,KH Pandya,Avesh Khan,JD Unadkat,MP Stoinis,Avesh Khan,KH Pandya,Ravi Bishnoi,MP Stoinis,Ravi Bishnoi,MP Stoinis,JD Unadkat,Ravi Bishnoi,KH Pandya,Ravi Bishnoi,KH Pandya,Avesh Khan,JD Unadkat,Avesh Khan,MP Stoinis
224,JD Unadkat,KH Pandya,Avesh Khan,JD Unadkat,MP Stoinis,Avesh Khan,KH Pandya,Ravi Bishnoi,MP Stoinis,Ravi Bishnoi,MP Stoinis,KH Pandya,Ravi Bishnoi,KH Pandya,Ravi Bishnoi,JD Unadkat,Avesh Khan,JD Unadkat,Avesh Khan,MP Stoinis
225,JD Unadkat,KH Pandya,Avesh Khan,JD Unadkat,MP Stoinis,JD Unadkat,KH Pandya,Ravi Bishnoi,MP Stoinis,Ravi Bishnoi,MP Stoinis,Avesh Khan,Ravi Bishnoi,KH Pandya,Ravi Bishnoi,KH Pandya,Avesh Khan,JD Unadkat,Avesh Khan,MP Stoinis
226,JD Unadkat,KH Pandya,JD Unadkat,Avesh Khan,MP Stoinis,Avesh Khan,KH Pandya,Ravi Bishnoi,MP Stoinis,Ravi Bishnoi,MP Stoinis,Avesh Khan,Ravi Bishnoi,KH Pandya,Ravi Bishnoi,KH Pandya,JD Unadkat,Avesh Khan,JD Unadkat,MP Stoinis
227,JD Unadkat,KH Pandya,JD Unadkat,Avesh Khan,MP Stoinis,Avesh Khan,KH Pandya,Ravi Bishnoi,MP Stoinis,Ravi Bishnoi,MP Stoinis,KH Pandya,Ravi Bishnoi,KH Pandya,Ravi Bishnoi,Avesh Khan,JD Unadkat,Avesh Khan,JD Unadkat,MP Stoinis
228,JD Unadkat,KH Pandya,JD Unadkat,Avesh Khan,MP Stoinis,Avesh Khan,KH Pandya,Ravi Bishnoi,MP Stoinis,Ravi Bishnoi,MP Stoinis,JD Unadkat,Ravi Bishnoi,KH Pandya,Ravi Bishnoi,KH Pandya,Avesh Khan,JD Unadkat,Avesh Khan,MP Stoinis
229,JD Unadkat,KH Pandya,JD Unadkat,Avesh Khan,MP Stoinis,Avesh Khan,KH Pandya,Ravi Bishnoi,MP Stoinis,Ravi Bishnoi,MP Stoinis,KH Pandya,Ravi Bishnoi,KH Pandya,Ravi Bishnoi,JD Unadkat,Avesh Khan,JD Unadkat,Avesh Khan,MP Stoinis
230,JD Unadkat,KH Pandya,JD Unadkat,Avesh Khan,MP Stoinis,JD Unadkat,KH Pandya,Ravi Bishnoi,MP Stoinis,Ravi Bishnoi,MP Stoinis,Avesh Khan,Ravi Bishnoi,KH Pandya,Ravi Bishnoi,KH Pandya,Avesh Khan,JD Unadkat,Avesh Khan,MP Stoinis
231,JD Unadkat,Avesh Khan,JD Unadkat,Avesh Khan,KH Pandya,Avesh Khan,KH Pandya,Ravi Bishnoi,MP Stoinis,Ravi Bishnoi,MP Stoinis,KH Pandya,Ravi Bishnoi,KH Pandya,MP Stoinis,Ravi Bishnoi,JD Unadkat,Avesh Khan,JD Unadkat,MP Stoinis
232,JD Unadkat,Avesh Khan,JD Unadkat,Avesh Khan,MP Stoinis,Avesh Khan,KH Pandya,Ravi Bishnoi,KH Pandya,Ravi Bishnoi,MP Stoinis,KH Pandya,Ravi Bishnoi,KH Pandya,MP Stoinis,Ravi Bishnoi,JD Unadkat,Avesh Khan,JD Unadkat,MP Stoinis
233,JD Unadkat,Avesh Khan,JD Unadkat,Avesh Khan,KH Pandya,JD Unadkat,KH Pandya,Ravi Bishnoi,MP Stoinis,Ravi Bishnoi,MP Stoinis,KH Pandya,Ravi Bishnoi,KH Pandya,MP Stoinis,Ravi Bishnoi,Avesh Khan,JD Unadkat,Avesh Khan,MP Stoinis
234,JD Unadkat,Avesh Khan,JD Unadkat,Avesh Khan,MP Stoinis,JD Unadkat,KH Pandya,Ravi Bishnoi,KH Pandya,Ravi Bishnoi,MP Stoinis,KH Pandya,Ravi Bishnoi,KH Pandya,MP Stoinis,Ravi Bishnoi,Avesh Khan,JD Unadkat,Avesh Khan,MP Stoinis
235,JD Unadkat,KH Pandya,Avesh Khan,JD Unadkat,KH Pandya,Avesh Khan,KH Pandya,Ravi Bishnoi,MP Stoinis,Ravi Bishnoi,MP Stoinis,Avesh Khan,Ravi Bishnoi,KH Pandya,MP Stoinis,Ravi Bishnoi,JD Unadkat,Avesh Khan,JD Unadkat,MP Stoinis
236,JD Unadkat,KH Pandya,Avesh Khan,JD Unadkat,MP Stoinis,Avesh Khan,KH Pandya,Ravi Bishnoi,KH Pandya,Ravi Bishnoi,MP Stoinis,Avesh Khan,Ravi Bishnoi,KH Pandya,MP Stoinis,Ravi Bishnoi,JD Unadkat,Avesh Khan,JD Unadkat,MP Stoinis
237,JD Unadkat,KH Pandya,Avesh Khan,JD Unadkat,MP Stoinis,Avesh Khan,KH Pandya,Ravi Bishnoi,MP Stoinis,Ravi Bishnoi,KH Pandya,Avesh Khan,Ravi Bishnoi,KH Pandya,MP Stoinis,Ravi Bishnoi,JD Unadkat,Avesh Khan,JD Unadkat,MP Stoinis
238,JD Unadkat,KH Pandya,Avesh Khan,JD Unadkat,MP Stoinis,Avesh Khan,KH Pandya,Ravi Bishnoi,MP Stoinis,Ravi Bishnoi,MP Stoinis,KH Pandya,Ravi Bishnoi,KH Pandya,Avesh Khan,Ravi Bishnoi,JD Unadkat,Avesh Khan,JD Unadkat,MP Stoinis
239,JD Unadkat,KH Pandya,Avesh Khan,JD Unadkat,MP Stoinis,Avesh Khan,KH Pandya,Ravi Bishnoi,JD Unadkat,Ravi Bishnoi,MP Stoinis,KH Pandya,Ravi Bishnoi,KH Pandya,MP Stoinis,Ravi Bishnoi,Avesh Khan,JD Unadkat,Avesh Khan,MP Stoinis
240,JD Unadkat,KH Pandya,Avesh Khan,JD Unadkat,KH Pandya,Avesh Khan,KH Pandya,Ravi Bishnoi,MP Stoinis,Ravi Bishnoi,MP Stoinis,JD Unadkat,Ravi Bishnoi,KH Pandya,MP Stoinis,Ravi Bishnoi,Avesh Khan,JD Unadkat,Avesh Khan,MP Stoinis
241,JD Unadkat,KH Pandya,Avesh Khan,JD Unadkat,MP Stoinis,Avesh Khan,KH Pandya,Ravi Bishnoi,KH Pandya,Ravi Bishnoi,MP Stoinis,JD Unadkat,Ravi Bishnoi,KH Pandya,MP Stoinis,Ravi Bishnoi,Avesh Khan,JD Unadkat,Avesh Khan,MP Stoinis
242,JD Unadkat,KH Pandya,Avesh Khan,JD Unadkat,MP Stoinis,Avesh Khan,KH Pandya,Ravi Bishnoi,MP Stoinis,Ravi Bishnoi,KH Pandya,JD Unadkat,Ravi Bishnoi,KH Pandya,MP Stoinis,Ravi Bishnoi,Avesh Khan,JD Unadkat,Avesh Khan,MP Stoinis
243,JD Unadkat,KH Pandya,Avesh Khan,JD Unadkat,MP Stoinis,Avesh Khan,KH Pandya,Ravi Bishnoi,MP Stoinis,Ravi Bishnoi,MP Stoinis,KH Pandya,Ravi Bishnoi,KH Pandya,JD Unadkat,Ravi Bishnoi,Avesh Khan,JD Unadkat,Avesh Khan,MP Stoinis
244,JD Unadkat,KH Pandya,Avesh Khan,JD Unadkat,MP Stoinis,Avesh Khan,KH Pandya,Ravi Bishnoi,MP Stoinis,Ravi Bishnoi,MP Stoinis,KH Pandya,Ravi Bishnoi,KH Pandya,MP Stoinis,Ravi Bishnoi,Avesh Khan,JD Unadkat,Avesh Khan,JD Unadkat
245,JD Unadkat,KH Pandya,Avesh Khan,JD Unadkat,MP Stoinis,Avesh Khan,KH Pandya,Ravi Bishnoi,MP Stoinis,Ravi Bishnoi,MP Stoinis,KH Pandya,Ravi Bishnoi,KH Pandya,MP Stoinis,Ravi Bishnoi,JD Unadkat,Avesh Khan,JD Unadkat,Avesh Khan
246,JD Unadkat,KH Pandya,Avesh Khan,JD Unadkat,KH Pandya,JD Unadkat,KH Pandya,Ravi Bishnoi,MP Stoinis,Ravi Bishnoi,MP Stoinis,Avesh Khan,Ravi Bishnoi,KH Pandya,MP Stoinis,Ravi Bishnoi,Avesh Khan,JD Unadkat,Avesh Khan,MP Stoinis
247,JD Unadkat,KH Pandya,Avesh Khan,JD Unadkat,MP Stoinis,JD Unadkat,KH Pandya,Ravi Bishnoi,KH Pandya,Ravi Bishnoi,MP Stoinis,Avesh Khan,Ravi Bishnoi,KH Pandya,MP Stoinis,Ravi Bishnoi,Avesh Khan,JD Unadkat,Avesh Khan,MP Stoinis
248,JD Unadkat,KH Pandya,Avesh Khan,JD Unadkat,MP Stoinis,JD Unadkat,KH Pandya,Ravi Bishnoi,MP Stoinis,Ravi Bishnoi,KH Pandya,Avesh Khan,Ravi Bishnoi,KH Pandya,MP Stoinis,Ravi Bishnoi,Avesh Khan,JD Unadkat,Avesh Khan,MP Stoinis
249,JD Unadkat,KH Pandya,Avesh Khan,JD Unadkat,MP Stoinis,JD Unadkat,KH Pandya,Ravi Bishnoi,MP Stoinis,Ravi Bishnoi,MP Stoinis,KH Pandya,Ravi Bishnoi,KH Pandya,Avesh Khan,Ravi Bishnoi,Avesh Khan,JD Unadkat,Avesh Khan,MP Stoinis
250,JD Unadkat,KH Pandya,JD Unadkat,Avesh Khan,KH Pandya,Avesh Khan,KH Pandya,Ravi Bishnoi,MP Stoinis,Ravi Bishnoi,MP Stoinis,Avesh Khan,Ravi Bishnoi,KH Pandya,MP Stoinis,Ravi Bishnoi,JD Unadkat,Avesh Khan,JD Unadkat,MP Stoinis
251,JD Unadkat,KH Pandya,JD Unadkat,Avesh Khan,MP Stoinis,Avesh Khan,KH Pandya,Ravi Bishnoi,KH Pandya,Ravi Bishnoi,MP Stoinis,Avesh Khan,Ravi Bishnoi,KH Pandya,MP Stoinis,Ravi Bishnoi,JD Unadkat,Avesh Khan,JD Unadkat,MP Stoinis
252,JD Unadkat,KH Pandya,JD Unadkat,Avesh Khan,MP Stoinis,Avesh Khan,KH Pandya,Ravi Bishnoi,MP Stoinis,Ravi Bishnoi,KH Pandya,Avesh Khan,Ravi Bishnoi,KH Pandya,MP Stoinis,Ravi Bishnoi,JD Unadkat,Avesh Khan,JD Unadkat,MP Stoinis
253,JD Unadkat,KH Pandya,JD Unadkat,Avesh Khan,MP Stoinis,Avesh Khan,KH Pandya,Ravi Bishnoi,MP Stoinis,Ravi Bishnoi,MP Stoinis,KH Pandya,Ravi Bishnoi,KH Pandya,Avesh Khan,Ravi Bishnoi,JD Unadkat,Avesh Khan,JD Unadkat,MP Stoinis
254,JD Unadkat,KH Pandya,JD Unadkat,Avesh Khan,JD Unadkat,Avesh Khan,KH Pandya,Ravi Bishnoi,MP Stoinis,Ravi Bishnoi,MP Stoinis,KH Pandya,Ravi Bishnoi,KH Pandya,MP Stoinis,Ravi Bishnoi,Avesh Khan,JD Unadkat,Avesh Khan,MP Stoinis
255,JD Unadkat,KH Pandya,JD Unadkat,Avesh Khan,MP Stoinis,Avesh Khan,KH Pandya,Ravi Bishnoi,JD Unadkat,Ravi Bishnoi,MP Stoinis,KH Pandya,Ravi Bishnoi,KH Pandya,MP Stoinis,Ravi Bishnoi,Avesh Khan,JD Unadkat,Avesh Khan,MP Stoinis
256,JD Unadkat,KH Pandya,JD Unadkat,Avesh Khan,KH Pandya,Avesh Khan,KH Pandya,Ravi Bishnoi,MP Stoinis,Ravi Bishnoi,MP Stoinis,JD Unadkat,Ravi Bishnoi,KH Pandya,MP Stoinis,Ravi Bishnoi,Avesh Khan,JD Unadkat,Avesh Khan,MP Stoinis
257,JD Unadkat,KH Pandya,JD Unadkat,Avesh Khan,MP Stoinis,Avesh Khan,KH Pandya,Ravi Bishnoi,KH Pandya,Ravi Bishnoi,MP Stoinis,JD Unadkat,Ravi Bishnoi,KH Pandya,MP Stoinis,Ravi Bishnoi,Avesh Khan,JD Unadkat,Avesh Khan,MP Stoinis
258,JD Unadkat,KH Pandya,JD Unadkat,Avesh Khan,MP Stoinis,Avesh Khan,KH Pandya,Ravi Bishnoi,MP Stoinis,Ravi Bishnoi,KH Pandya,JD Unadkat,Ravi Bishnoi,KH Pandya,MP Stoinis,Ravi Bishnoi,Avesh Khan,JD Unadkat,Avesh Khan,MP Stoinis
259,JD Unadkat,KH Pandya,JD Unadkat,Avesh Khan,MP Stoinis,Avesh Khan,KH Pandya,Ravi Bishnoi,MP Stoinis,Ravi Bishnoi,MP Stoinis,KH Pandya,Ravi Bishnoi,KH Pandya,JD Unadkat,Ravi Bishnoi,Avesh Khan,JD Unadkat,Avesh Khan,MP Stoinis
260,JD Unadkat,KH Pandya,JD Unadkat,Avesh Khan,MP Stoinis,Avesh Khan,KH Pandya,Ravi Bishnoi,MP Stoinis,Ravi Bishnoi,MP Stoinis,KH Pandya,Ravi Bishnoi,KH Pandya,MP Stoinis,Ravi Bishnoi,Avesh Khan,JD Unadkat,Avesh Khan,JD Unadkat
261,JD Unadkat,KH Pandya,JD Unadkat,Avesh Khan,MP Stoinis,Avesh Khan,KH Pandya,Ravi Bishnoi,MP Stoinis,Ravi Bishnoi,MP Stoinis,KH Pandya,Ravi Bishnoi,KH Pandya,MP Stoinis,Ravi Bishnoi,JD Unadkat,Avesh Khan,JD Unadkat,Avesh Khan
262,JD Unadkat,KH Pandya,JD Unadkat,Avesh Khan,KH Pandya,JD Unadkat,KH Pandya,Ravi Bishnoi,MP Stoinis,Ravi Bishnoi,MP Stoinis,Avesh Khan,Ravi Bishnoi,KH Pandya,MP Stoinis,Ravi Bishnoi,Avesh Khan,JD Unadkat,Avesh Khan,MP Stoinis
263,JD Unadkat,KH Pandya,JD Unadkat,Avesh Khan,MP Stoinis,JD Unadkat,KH Pandya,Ravi Bishnoi,KH Pandya,Ravi Bishnoi,MP Stoinis,Avesh Khan,Ravi Bishnoi,KH Pandya,MP Stoinis,Ravi Bishnoi,Avesh Khan,JD Unadkat,Avesh Khan,MP Stoinis
264,JD Unadkat,KH Pandya,JD Unadkat,Avesh Khan,MP Stoinis,JD Unadkat,KH Pandya,Ravi Bishnoi,MP Stoinis,Ravi Bishnoi,KH Pandya,Avesh Khan,Ravi Bishnoi,KH Pandya,MP Stoinis,Ravi Bishnoi,Avesh Khan,JD Unadkat,Avesh Khan,MP Stoinis
265,JD Unadkat,KH Pandya,JD Unadkat,Avesh Khan,MP Stoinis,JD Unadkat,KH Pandya,Ravi Bishnoi,MP Stoinis,Ravi Bishnoi,MP Stoinis,KH Pandya,Ravi Bishnoi,KH Pandya,Avesh Khan,Ravi Bishnoi,Avesh Khan,JD Unadkat,Avesh Khan,MP Stoinis
266,JD Unadkat,KH Pandya,Avesh Khan,JD Unadkat,KH Pandya,Avesh Khan,KH Pandya,Ravi Bishnoi,MP Stoinis,Ravi Bishnoi,MP Stoinis,KH Pandya,JD Unadkat,Ravi Bishnoi,MP Stoinis,Ravi Bishnoi,Avesh Khan,JD Unadkat,Avesh Khan,MP Stoinis
267,JD Unadkat,KH Pandya,Avesh Khan,JD Unadkat,MP Stoinis,Avesh Khan,KH Pandya,Ravi Bishnoi,KH Pandya,Ravi Bishnoi,MP Stoinis,KH Pandya,JD Unadkat,Ravi Bishnoi,MP Stoinis,Ravi Bishnoi,Avesh Khan,JD Unadkat,Avesh Khan,MP Stoinis
268,JD Unadkat,KH Pandya,JD Unadkat,Avesh Khan,KH Pandya,Avesh Khan,KH Pandya,Ravi Bishnoi,MP Stoinis,Ravi Bishnoi,MP Stoinis,KH Pandya,JD Unadkat,Ravi Bishnoi,MP Stoinis,Ravi Bishnoi,Avesh Khan,JD Unadkat,Avesh Khan,MP Stoinis
269,JD Unadkat,KH Pandya,JD Unadkat,Avesh Khan,MP Stoinis,Avesh Khan,KH Pandya,Ravi Bishnoi,KH Pandya,Ravi Bishnoi,MP Stoinis,KH Pandya,JD Unadkat,Ravi Bishnoi,MP Stoinis,Ravi Bishnoi,Avesh Khan,JD Unadkat,Avesh Khan,MP Stoinis
270,JD Unadkat,Avesh Khan,JD Unadkat,Avesh Khan,MP Stoinis,Avesh Khan,KH Pandya,Ravi Bishnoi,MP Stoinis,KH Pandya,Ravi Bishnoi,KH Pandya,Ravi Bishnoi,KH Pandya,MP Stoinis,Ravi Bishnoi,JD Unadkat,Avesh Khan,JD Unadkat,MP Stoinis
271,JD Unadkat,Avesh Khan,JD Unadkat,Avesh Khan,MP Stoinis,JD Unadkat,KH Pandya,Ravi Bishnoi,MP Stoinis,KH Pandya,Ravi Bishnoi,KH Pandya,Ravi Bishnoi,KH Pandya,MP Stoinis,Ravi Bishnoi,Avesh Khan,JD Unadkat,Avesh Khan,MP Stoinis
272,JD Unadkat,KH Pandya,Avesh Khan,JD Unadkat,MP Stoinis,Avesh Khan,KH Pandya,Ravi Bishnoi,MP Stoinis,KH Pandya,Ravi Bishnoi,Avesh Khan,Ravi Bishnoi,KH Pandya,MP Stoinis,Ravi Bishnoi,JD Unadkat,Avesh Khan,JD Unadkat,MP Stoinis
273,JD Unadkat,KH Pandya,Avesh Khan,JD Unadkat,MP Stoinis,Avesh Khan,KH Pandya,Ravi Bishnoi,MP Stoinis,KH Pandya,Ravi Bishnoi,JD Unadkat,Ravi Bishnoi,KH Pandya,MP Stoinis,Ravi Bishnoi,Avesh Khan,JD Unadkat,Avesh Khan,MP Stoinis
274,JD Unadkat,KH Pandya,Avesh Khan,JD Unadkat,MP Stoinis,JD Unadkat,KH Pandya,Ravi Bishnoi,MP Stoinis,KH Pandya,Ravi Bishnoi,Avesh Khan,Ravi Bishnoi,KH Pandya,MP Stoinis,Ravi Bishnoi,Avesh Khan,JD Unadkat,Avesh Khan,MP Stoinis
275,JD Unadkat,KH Pandya,JD Unadkat,Avesh Khan,MP Stoinis,Avesh Khan,KH Pandya,Ravi Bishnoi,MP Stoinis,KH Pandya,Ravi Bishnoi,Avesh Khan,Ravi Bishnoi,KH Pandya,MP Stoinis,Ravi Bishnoi,JD Unadkat,Avesh Khan,JD Unadkat,MP Stoinis
276,JD Unadkat,KH Pandya,JD Unadkat,Avesh Khan,MP Stoinis,Avesh Khan,KH Pandya,Ravi Bishnoi,MP Stoinis,KH Pandya,Ravi Bishnoi,JD Unadkat,Ravi Bishnoi,KH Pandya,MP Stoinis,Ravi Bishnoi,Avesh Khan,JD Unadkat,Avesh Khan,MP Stoinis
277,JD Unadkat,KH Pandya,JD Unadkat,Avesh Khan,MP Stoinis,JD Unadkat,KH Pandya,Ravi Bishnoi,MP Stoinis,KH Pandya,Ravi Bishnoi,Avesh Khan,Ravi Bishnoi,KH Pandya,MP Stoinis,Ravi Bishnoi,Avesh Khan,JD Unadkat,Avesh Khan,MP Stoinis
278,JD Unadkat,KH Pandya,Avesh Khan,JD Unadkat,MP Stoinis,Avesh Khan,KH Pandya,Ravi Bishnoi,MP Stoinis,KH Pandya,Ravi Bishnoi,KH Pandya,JD Unadkat,Ravi Bishnoi,MP Stoinis,Ravi Bishnoi,Avesh Khan,JD Unadkat,Avesh Khan,MP Stoinis
279,JD Unadkat,KH Pandya,JD Unadkat,Avesh Khan,MP Stoinis,Avesh Khan,KH Pandya,Ravi Bishnoi,MP Stoinis,KH Pandya,Ravi Bishnoi,KH Pandya,JD Unadkat,Ravi Bishnoi,MP Stoinis,Ravi Bishnoi,Avesh Khan,JD Unadkat,Avesh Khan,MP Stoinis
280,JD Unadkat,KH Pandya,Avesh Khan,JD Unadkat,KH Pandya,Avesh Khan,KH Pandya,Ravi Bishnoi,MP Stoinis,KH Pandya,MP Stoinis,Ravi Bishnoi,JD Unadkat,Ravi Bishnoi,MP Stoinis,Ravi Bishnoi,Avesh Khan,JD Unadkat,Avesh Khan,MP Stoinis
281,JD Unadkat,KH Pandya,JD Unadkat,Avesh Khan,KH Pandya,Avesh Khan,KH Pandya,Ravi Bishnoi,MP Stoinis,KH Pandya,MP Stoinis,Ravi Bishnoi,JD Unadkat,Ravi Bishnoi,MP Stoinis,Ravi Bishnoi,Avesh Khan,JD Unadkat,Avesh Khan,MP Stoinis
282,JD Unadkat,KH Pandya,Avesh Khan,JD Unadkat,MP Stoinis,Ravi Bishnoi,KH Pandya,DJ Hooda,MP Stoinis,Ravi Bishnoi,KH Pandya,Avesh Khan,JD Unadkat,KH Pandya,MP Stoinis,Ravi Bishnoi,Avesh Khan,JD Unadkat,Avesh Khan,MP Stoinis
283,JD Unadkat,Avesh Khan,JD Unadkat,Avesh Khan,MP Stoinis,Ravi Bishnoi,KH Pandya,DJ Hooda,MP Stoinis,Ravi Bishnoi,KH Pandya,Avesh Khan,Ravi Bishnoi,KH Pandya,MP Stoinis,KH Pandya,JD Unadkat,Avesh Khan,JD Unadkat,MP Stoinis
284,JD Unadkat,KH Pandya,JD Unadkat,Avesh Khan,MP Stoinis,JD Unadkat,KH Pandya,DJ Hooda,MP Stoinis,Ravi Bishnoi,MP Stoinis,KH Pandya,Ravi Bishnoi,KH Pandya,Avesh Khan,Ravi Bishnoi,Avesh Khan,JD Unadkat,Avesh Khan,MP Stoinis
285,JD Unadkat,KH Pandya,JD Unadkat,Avesh Khan,KH Pandya,Avesh Khan,Ravi Bishnoi,DJ Hooda,MP Stoinis,Ravi Bishnoi,MP Stoinis,Ravi Bishnoi,JD Unadkat,KH Pandya,MP Stoinis,Ravi Bishnoi,Avesh Khan,JD Unadkat,Avesh Khan,MP Stoinis
286,JD Unadkat,KH Pandya,JD Unadkat,Avesh Khan,MP Stoinis,Avesh Khan,KH Pandya,DJ Hooda,KH Pandya,Ravi Bishnoi,MP Stoinis,Ravi Bishnoi,JD Unadkat,Ravi Bishnoi,MP Stoinis,KH Pandya,Avesh Khan,JD Unadkat,Avesh Khan,MP Stoinis
287,JD Unadkat,KH Pandya,JD Unadkat,Avesh Khan,MP Stoinis,Avesh Khan,KH Pandya,DJ Hooda,MP Stoinis,Ravi Bishnoi,MP Stoinis,KH Pandya,Ravi Bishnoi,KH Pandya,Avesh Khan,Ravi Bishnoi,JD Unadkat,Avesh Khan,JD Unadkat,MP Stoinis
288,JD Unadkat,Avesh Khan,JD Unadkat,Avesh Khan,MP Stoinis,Ravi Bishnoi,KH Pandya,DJ Hooda,MP Stoinis,KH Pandya,MP Stoinis,KH Pandya,Ravi Bishnoi,KH Pandya,JD Unadkat,Ravi Bishnoi,Avesh Khan,JD Unadkat,Avesh Khan,MP Stoinis
289,JD Unadkat,KH Pandya,JD Unadkat,Avesh Khan,MP Stoinis,JD Unadkat,KH Pandya,DJ Hooda,KH Pandya,Ravi Bishnoi,MP Stoinis,Avesh Khan,Ravi Bishnoi,KH Pandya,MP Stoinis,Ravi Bishnoi,Avesh Khan,JD Unadkat,Avesh Khan,MP Stoinis
290,JD Unadkat,KH Pandya,JD Unadkat,Avesh Khan,MP Stoinis,Avesh Khan,Ravi Bishnoi,DJ Hooda,JD Unadkat,Ravi Bishnoi,MP Stoinis,KH Pandya,Ravi Bishnoi,KH Pandya,MP Stoinis,Ravi Bishnoi,Avesh Khan,JD Unadkat,Avesh Khan,MP Stoinis
291,JD Unadkat,KH Pandya,JD Unadkat,Avesh Khan,MP Stoinis,Ravi Bishnoi,KH Pandya,DJ Hooda,KH Pandya,Ravi Bishnoi,MP Stoinis,Avesh Khan,Ravi Bishnoi,KH Pandya,MP Stoinis,JD Unadkat,Avesh Khan,JD Unadkat,Avesh Khan,MP Stoinis
292,JD Unadkat,KH Pandya,Avesh Khan,JD Unadkat,MP Stoinis,Avesh Khan,KH Pandya,DJ Hooda,MP Stoinis,Ravi Bishnoi,KH Pandya,Ravi Bishnoi,JD Unadkat,Ravi Bishnoi,MP Stoinis,KH Pandya,Avesh Khan,JD Unadkat,Avesh Khan,MP Stoinis
293,JD Unadkat,KH Pandya,JD Unadkat,Avesh Khan,KH Pandya,Avesh Khan,KH Pandya,DJ Hooda,MP Stoinis,Ravi Bishnoi,MP Stoinis,KH Pandya,JD Unadkat,Ravi Bishnoi,MP Stoinis,Ravi Bishnoi,Avesh Khan,JD Unadkat,Avesh Khan,MP Stoinis
294,JD Unadkat,KH Pandya,Avesh Khan,JD Unadkat,MP Stoinis,Ravi Bishnoi,KH Pandya,DJ Hooda,MP Stoinis,KH Pandya,MP Stoinis,Ravi Bishnoi,JD Unadkat,KH Pandya,Avesh Khan,Ravi Bishnoi,Avesh Khan,JD Unadkat,Avesh Khan,MP Stoinis
295,JD Unadkat,Avesh Khan,JD Unadkat,Avesh Khan,MP Stoinis,Ravi Bishnoi,KH Pandya,DJ Hooda,MP Stoinis,KH Pandya,Ravi Bishnoi,KH Pandya,Ravi Bishnoi,KH Pandya,MP Stoinis,JD Unadkat,Avesh Khan,JD Unadkat,Avesh Khan,MP Stoinis
296,JD Unadkat,Avesh Khan,JD Unadkat,Avesh Khan,KH Pandya,Avesh Khan,KH Pandya,Ravi Bishnoi,MP Stoinis,DJ Hooda,MP Stoinis,KH Pandya,Ravi Bishnoi,KH Pandya,MP Stoinis,Ravi Bishnoi,JD Unadkat,Avesh Khan,JD Unadkat,MP Stoinis
297,JD Unadkat,KH Pandya,JD Unadkat,Avesh Khan,MP Stoinis,JD Unadkat,KH Pandya,Ravi Bishnoi,MP Stoinis,DJ Hooda,MP Stoinis,Avesh Khan,Ravi Bishnoi,KH Pandya,Ravi Bishnoi,KH Pandya,Avesh Khan,JD Unadkat,Avesh Khan,MP Stoinis
298,JD Unadkat,KH Pandya,Avesh Khan,JD Unadkat,MP Stoinis,Avesh Khan,Ravi Bishnoi,KH Pandya,MP Stoinis,DJ Hooda,MP Stoinis,KH Pandya,Ravi Bishnoi,KH Pandya,Avesh Khan,Ravi Bishnoi,JD Unadkat,Avesh Khan,JD Unadkat,MP Stoinis
299,JD Unadkat,KH Pandya,JD Unadkat,Avesh Khan,MP Stoinis,Avesh Khan,KH Pandya,Ravi Bishnoi,KH Pandya,DJ Hooda,MP Stoinis,KH Pandya,JD Unadkat,Ravi Bishnoi,MP Stoinis,Ravi Bishnoi,Avesh Khan,JD Unadkat,Avesh Khan,MP Stoinis
300,JD Unadkat,KH Pandya,Avesh Khan,JD Unadkat,KH Pandya,Ravi Bishnoi,KH Pandya,Ravi Bishnoi,MP Stoinis,DJ Hooda,MP Stoinis,Avesh Khan,JD Unadkat,Ravi Bishnoi,MP Stoinis,Ravi Bishnoi,Avesh Khan,JD Unadkat,Avesh Khan,MP Stoinis
301,JD Unadkat,KH Pandya,Avesh Khan,JD Unadkat,MP Stoinis,Avesh Khan,KH Pandya,Ravi Bishnoi,MP Stoinis,DJ Hooda,MP Stoinis,JD Unadkat,Ravi Bishnoi,KH Pandya,Ravi Bishnoi,KH Pandya,Avesh Khan,JD Unadkat,Avesh Khan,MP Stoinis
302,JD Unadkat,KH Pandya,JD Unadkat,Avesh Khan,MP Stoinis,Ravi Bishnoi,KH Pandya,Ravi Bishnoi,MP Stoinis,DJ Hooda,MP Stoinis,Avesh Khan,Ravi Bishnoi,KH Pandya,Avesh Khan,KH Pandya,JD Unadkat,Avesh Khan,JD Unadkat,MP Stoinis
303,JD Unadkat,KH Pandya,Avesh Khan,JD Unadkat,MP Stoinis,Ravi Bishnoi,KH Pandya,Ravi Bishnoi,MP Stoinis,DJ Hooda,MP Stoinis,KH Pandya,JD Unadkat,Ravi Bishnoi,Avesh Khan,KH Pandya,Avesh Khan,JD Unadkat,Avesh Khan,MP Stoinis
304,JD Unadkat,KH Pandya,Avesh Khan,JD Unadkat,KH Pandya,Avesh Khan,Ravi Bishnoi,KH Pandya,MP Stoinis,DJ Hooda,MP Stoinis,JD Unadkat,Ravi Bishnoi,KH Pandya,MP Stoinis,Ravi Bishnoi,Avesh Khan,JD Unadkat,Avesh Khan,MP Stoinis
305,JD Unadkat,KH Pandya,JD Unadkat,Avesh Khan,MP Stoinis,Ravi Bishnoi,KH Pandya,Ravi Bishnoi,MP Stoinis,DJ Hooda,MP Stoinis,KH Pandya,JD Unadkat,KH Pandya,Avesh Khan,Ravi Bishnoi,Avesh Khan,JD Unadkat,Avesh Khan,MP Stoinis
306,JD Unadkat,KH Pandya,Avesh Khan,JD Unadkat,MP Stoinis,JD Unadkat,Ravi Bishnoi,KH Pandya,MP Stoinis,DJ Hooda,MP Stoinis,KH Pandya,Ravi Bishnoi,KH Pandya,Avesh Khan,Ravi Bishnoi,Avesh Khan,JD Unadkat,Avesh Khan,MP Stoinis
307,JD Unadkat,KH Pandya,JD Unadkat,Avesh Khan,MP Stoinis,Avesh Khan,Ravi Bishnoi,KH Pandya,MP Stoinis,DJ Hooda,MP Stoinis,JD Unadkat,Ravi Bishnoi,KH Pandya,Ravi Bishnoi,KH Pandya,Avesh Khan,JD Unadkat,Avesh Khan,MP Stoinis
308,JD Unadkat,Avesh Khan,JD Unadkat,Avesh Khan,MP Stoinis,Ravi Bishnoi,KH Pandya,Ravi Bishnoi,KH Pandya,DJ Hooda,MP Stoinis,KH Pandya,Ravi Bishnoi,KH Pandya,MP Stoinis,JD Unadkat,Avesh Khan,JD Unadkat,Avesh Khan,MP Stoinis
309,JD Unadkat,KH Pandya,JD Unadkat,Avesh Khan,MP Stoinis,JD Unadkat,KH Pandya,Ravi Bishnoi,MP Stoinis,DJ Hooda,Ravi Bishnoi,Avesh Khan,Ravi Bishnoi,KH Pandya,MP Stoinis,Ravi Bishnoi,Avesh Khan,JD Unadkat,Avesh Khan,MP Stoinis
310,JD Unadkat,Avesh Khan,JD Unadkat,Avesh Khan,MP Stoinis,Avesh Khan,KH Pandya,Ravi Bishnoi,MP Stoinis,Ravi Bishnoi,MP Stoinis,KH Pandya,Ravi Bishnoi,DJ Hooda,Ravi Bishnoi,KH Pandya,JD Unadkat,Avesh Khan,JD Unadkat,MP Stoinis
311,JD Unadkat,KH Pandya,Avesh Khan,JD Unadkat,MP Stoinis,Ravi Bishnoi,KH Pandya,Ravi Bishnoi,KH Pandya,Ravi Bishnoi,MP Stoinis,Avesh Khan,Ravi Bishnoi,DJ Hooda,MP Stoinis,Avesh Khan,JD Unadkat,Avesh Khan,JD Unadkat,MP Stoinis
312,JD Unadkat,KH Pandya,Avesh Khan,JD Unadkat,KH Pandya,JD Unadkat,KH Pandya,Ravi Bishnoi,MP Stoinis,Ravi Bishnoi,MP Stoinis,Avesh Khan,Ravi Bishnoi,DJ Hooda,MP Stoinis,Ravi Bishnoi,Avesh Khan,JD Unadkat,Avesh Khan,MP Stoinis
313,JD Unadkat,KH Pandya,Avesh Khan,JD Unadkat,KH Pandya,JD Unadkat,Ravi Bishnoi,KH Pandya,MP Stoinis,Ravi Bishnoi,MP Stoinis,Avesh Khan,Ravi Bishnoi,DJ Hooda,MP Stoinis,Ravi Bishnoi,Avesh Khan,JD Unadkat,Avesh Khan,MP Stoinis
314,JD Unadkat,KH Pandya,Avesh Khan,JD Unadkat,MP Stoinis,Ravi Bishnoi,KH Pandya,Ravi Bishnoi,MP Stoinis,Ravi Bishnoi,MP Stoinis,KH Pandya,JD Unadkat,DJ Hooda,Avesh Khan,Ravi Bishnoi,Avesh Khan,JD Unadkat,Avesh Khan,MP Stoinis
315,JD Unadkat,KH Pandya,Avesh Khan,JD Unadkat,MP Stoinis,JD Unadkat,KH Pandya,Ravi Bishnoi,MP Stoinis,KH Pandya,Ravi Bishnoi,Avesh Khan,Ravi Bishnoi,DJ Hooda,MP Stoinis,Ravi Bishnoi,Avesh Khan,JD Unadkat,Avesh Khan,MP Stoinis
316,JD Unadkat,KH Pandya,Avesh Khan,JD Unadkat,MP Stoinis,Ravi Bishnoi,KH Pandya,Ravi Bishnoi,MP Stoinis,Ravi Bishnoi,MP Stoinis,KH Pandya,JD Unadkat,DJ Hooda,Avesh Khan,KH Pandya,Avesh Khan,JD Unadkat,Avesh Khan,MP Stoinis
317,JD Unadkat,KH Pandya,JD Unadkat,Avesh Khan,MP Stoinis,Avesh Khan,KH Pandya,Ravi Bishnoi,MP Stoinis,Ravi Bishnoi,KH Pandya,Avesh Khan,Ravi Bishnoi,DJ Hooda,MP Stoinis,Ravi Bishnoi,JD Unadkat,Avesh Khan,JD Unadkat,MP Stoinis
318,JD Unadkat,KH Pandya,JD Unadkat,Avesh Khan,MP Stoinis,Ravi Bishnoi,KH Pandya,Ravi Bishnoi,MP Stoinis,Ravi Bishnoi,MP Stoinis,Avesh Khan,Ravi Bishnoi,DJ Hooda,MP Stoinis,KH Pandya,JD Unadkat,Avesh Khan,JD Unadkat,Avesh Khan
319,JD Unadkat,KH Pandya,Avesh Khan,JD Unadkat,MP Stoinis,JD Unadkat,Ravi Bishnoi,KH Pandya,MP Stoinis,Ravi Bishnoi,KH Pandya,Avesh Khan,Ravi Bishnoi,DJ Hooda,MP Stoinis,Ravi Bishnoi,Avesh Khan,JD Unadkat,Avesh Khan,MP Stoinis
320,JD Unadkat,KH Pandya,JD Unadkat,Avesh Khan,MP Stoinis,Ravi Bishnoi,KH Pandya,Ravi Bishnoi,MP Stoinis,KH Pandya,MP Stoinis,KH Pandya,JD Unadkat,DJ Hooda,Avesh Khan,Ravi Bishnoi,Avesh Khan,JD Unadkat,Avesh Khan,MP Stoinis
321,JD Unadkat,KH Pandya,JD Unadkat,Avesh Khan,MP Stoinis,Ravi Bishnoi,KH Pandya,Ravi Bishnoi,MP Stoinis,KH Pandya,Ravi Bishnoi,Avesh Khan,JD Unadkat,DJ Hooda,MP Stoinis,KH Pandya,Avesh Khan,JD Unadkat,Avesh Khan,MP Stoinis
322,JD Unadkat,KH Pandya,JD Unadkat,Avesh Khan,MP Stoinis,Avesh Khan,Ravi Bishnoi,KH Pandya,Ravi Bishnoi,KH Pandya,MP Stoinis,Ravi Bishnoi,JD Unadkat,DJ Hooda,MP Stoinis,Ravi Bishnoi,Avesh Khan,JD Unadkat,Avesh Khan,MP Stoinis
323,JD Unadkat,KH Pandya,Avesh Khan,JD Unadkat,MP Stoinis,Avesh Khan,Ravi Bishnoi,KH Pandya,MP Stoinis,Ravi Bishnoi,MP Stoinis,Avesh Khan,Ravi Bishnoi,DJ Hooda,Ravi Bishnoi,KH Pandya,JD Unadkat,Avesh Khan,JD Unadkat,MP Stoinis
324,JD Unadkat,KH Pandya,Avesh Khan,JD Unadkat,MP Stoinis,Ravi Bishnoi,KH Pandya,DJ Hooda,MP Stoinis,Ravi Bishnoi,KH Pandya,Avesh Khan,JD Unadkat,KH Pandya,MP Stoinis,Ravi Bishnoi,Avesh Khan,JD Unadkat,Avesh Khan,MP Stoinis
325,JD Unadkat,Avesh Khan,JD Unadkat,Avesh Khan,MP Stoinis,Ravi Bishnoi,KH Pandya,DJ Hooda,MP Stoinis,Ravi Bishnoi,KH Pandya,Avesh Khan,Ravi Bishnoi,KH Pandya,MP Stoinis,KH Pandya,JD Unadkat,Avesh Khan,JD Unadkat,MP Stoinis
326,JD Unadkat,KH Pandya,JD Unadkat,Avesh Khan,MP Stoinis,JD Unadkat,KH Pandya,DJ Hooda,MP Stoinis,Ravi Bishnoi,MP Stoinis,KH Pandya,Ravi Bishnoi,KH Pandya,Avesh Khan,Ravi Bishnoi,Avesh Khan,JD Unadkat,Avesh Khan,MP Stoinis
327,JD Unadkat,KH Pandya,JD Unadkat,Avesh Khan,KH Pandya,Avesh Khan,Ravi Bishnoi,DJ Hooda,MP Stoinis,Ravi Bishnoi,MP Stoinis,Ravi Bishnoi,JD Unadkat,KH Pandya,MP Stoinis,Ravi Bishnoi,Avesh Khan,JD Unadkat,Avesh Khan,MP Stoinis
328,JD Unadkat,KH Pandya,JD Unadkat,Avesh Khan,MP Stoinis,Avesh Khan,KH Pandya,DJ Hooda,KH Pandya,Ravi Bishnoi,MP Stoinis,Ravi Bishnoi,JD Unadkat,Ravi Bishnoi,MP Stoinis,KH Pandya,Avesh Khan,JD Unadkat,Avesh Khan,MP Stoinis
329,JD Unadkat,KH Pandya,JD Unadkat,Avesh Khan,MP Stoinis,Avesh Khan,KH Pandya,DJ Hooda,MP Stoinis,Ravi Bishnoi,MP Stoinis,KH Pandya,Ravi Bishnoi,KH Pandya,Avesh Khan,Ravi Bishnoi,JD Unadkat,Avesh Khan,JD Unadkat,MP Stoinis
330,JD Unadkat,Avesh Khan,JD Unadkat,Avesh Khan,MP Stoinis,Ravi Bishnoi,KH Pandya,DJ Hooda,MP Stoinis,KH Pandya,MP Stoinis,KH Pandya,Ravi Bishnoi,KH Pandya,JD Unadkat,Ravi Bishnoi,Avesh Khan,JD Unadkat,Avesh Khan,MP Stoinis
331,JD Unadkat,KH Pandya,JD Unadkat,Avesh Khan,MP Stoinis,JD Unadkat,KH Pandya,DJ Hooda,KH Pandya,Ravi Bishnoi,MP Stoinis,Avesh Khan,Ravi Bishnoi,KH Pandya,MP Stoinis,Ravi Bishnoi,Avesh Khan,JD Unadkat,Avesh Khan,MP Stoinis
332,JD Unadkat,KH Pandya,JD Unadkat,Avesh Khan,MP Stoinis,Avesh Khan,Ravi Bishnoi,DJ Hooda,JD Unadkat,Ravi Bishnoi,MP Stoinis,KH Pandya,Ravi Bishnoi,KH Pandya,MP Stoinis,Ravi Bishnoi,Avesh Khan,JD Unadkat,Avesh Khan,MP Stoinis
333,JD Unadkat,KH Pandya,JD Unadkat,Avesh Khan,MP Stoinis,Ravi Bishnoi,KH Pandya,DJ Hooda,KH Pandya,Ravi Bishnoi,MP Stoinis,Avesh Khan,Ravi Bishnoi,KH Pandya,MP Stoinis,JD Unadkat,Avesh Khan,JD Unadkat,Avesh Khan,MP Stoinis
334,JD Unadkat,KH Pandya,Avesh Khan,JD Unadkat,MP Stoinis,Avesh Khan,KH Pandya,DJ Hooda,MP Stoinis,Ravi Bishnoi,KH Pandya,Ravi Bishnoi,JD Unadkat,Ravi Bishnoi,MP Stoinis,KH Pandya,Avesh Khan,JD Unadkat,Avesh Khan,MP Stoinis
335,JD Unadkat,KH Pandya,JD Unadkat,Avesh Khan,KH Pandya,Avesh Khan,KH Pandya,DJ Hooda,MP Stoinis,Ravi Bishnoi,MP Stoinis,KH Pandya,JD Unadkat,Ravi Bishnoi,MP Stoinis,Ravi Bishnoi,Avesh Khan,JD Unadkat,Avesh Khan,MP Stoinis
336,JD Unadkat,KH Pandya,Avesh Khan,JD Unadkat,MP Stoinis,Ravi Bishnoi,KH Pandya,DJ Hooda,MP Stoinis,KH Pandya,MP Stoinis,Ravi Bishnoi,JD Unadkat,KH Pandya,Avesh Khan,Ravi Bishnoi,Avesh Khan,JD Unadkat,Avesh Khan,MP Stoinis
337,JD Unadkat,Avesh Khan,JD Unadkat,Avesh Khan,MP Stoinis,Ravi Bishnoi,KH Pandya,DJ Hooda,MP Stoinis,KH Pandya,Ravi Bishnoi,KH Pandya,Ravi Bishnoi,KH Pandya,MP Stoinis,JD Unadkat,Avesh Khan,JD Unadkat,Avesh Khan,MP Stoinis
338,JD Unadkat,Avesh Khan,JD Unadkat,Avesh Khan,KH Pandya,Avesh Khan,KH Pandya,Ravi Bishnoi,MP Stoinis,DJ Hooda,MP Stoinis,KH Pandya,Ravi Bishnoi,KH Pandya,MP Stoinis,Ravi Bishnoi,JD Unadkat,Avesh Khan,JD Unadkat,MP Stoinis
339,JD Unadkat,KH Pandya,JD Unadkat,Avesh Khan,MP Stoinis,JD Unadkat,KH Pandya,Ravi Bishnoi,MP Stoinis,DJ Hooda,MP Stoinis,Avesh Khan,Ravi Bishnoi,KH Pandya,Ravi Bishnoi,KH Pandya,Avesh Khan,JD Unadkat,Avesh Khan,MP Stoinis
340,JD Unadkat,KH Pandya,Avesh Khan,JD Unadkat,MP Stoinis,Avesh Khan,Ravi Bishnoi,KH Pandya,MP Stoinis,DJ Hooda,MP Stoinis,KH Pandya,Ravi Bishnoi,KH Pandya,Avesh Khan,Ravi Bishnoi,JD Unadkat,Avesh Khan,JD Unadkat,MP Stoinis
341,JD Unadkat,KH Pandya,JD Unadkat,Avesh Khan,MP Stoinis,Avesh Khan,KH Pandya,Ravi Bishnoi,KH Pandya,DJ Hooda,MP Stoinis,KH Pandya,JD Unadkat,Ravi Bishnoi,MP Stoinis,Ravi Bishnoi,Avesh Khan,JD Unadkat,Avesh Khan,MP Stoinis
342,JD Unadkat,KH Pandya,Avesh Khan,JD Unadkat,KH Pandya,Ravi Bishnoi,KH Pandya,Ravi Bishnoi,MP Stoinis,DJ Hooda,MP Stoinis,Avesh Khan,JD Unadkat,Ravi Bishnoi,MP Stoinis,Ravi Bishnoi,Avesh Khan,JD Unadkat,Avesh Khan,MP Stoinis
343,JD Unadkat,KH Pandya,Avesh Khan,JD Unadkat,MP Stoinis,Avesh Khan,KH Pandya,Ravi Bishnoi,MP Stoinis,DJ Hooda,MP Stoinis,JD Unadkat,Ravi Bishnoi,KH Pandya,Ravi Bishnoi,KH Pandya,Avesh Khan,JD Unadkat,Avesh Khan,MP Stoinis
344,JD Unadkat,KH Pandya,JD Unadkat,Avesh Khan,MP Stoinis,Ravi Bishnoi,KH Pandya,Ravi Bishnoi,MP Stoinis,DJ Hooda,MP Stoinis,Avesh Khan,Ravi Bishnoi,KH Pandya,Avesh Khan,KH Pandya,JD Unadkat,Avesh Khan,JD Unadkat,MP Stoinis
345,JD Unadkat,KH Pandya,Avesh Khan,JD Unadkat,MP Stoinis,Ravi Bishnoi,KH Pandya,Ravi Bishnoi,MP Stoinis,DJ Hooda,MP Stoinis,KH Pandya,JD Unadkat,Ravi Bishnoi,Avesh Khan,KH Pandya,Avesh Khan,JD Unadkat,Avesh Khan,MP Stoinis
346,JD Unadkat,KH Pandya,Avesh Khan,JD Unadkat,KH Pandya,Avesh Khan,Ravi Bishnoi,KH Pandya,MP Stoinis,DJ Hooda,MP Stoinis,JD Unadkat,Ravi Bishnoi,KH Pandya,MP Stoinis,Ravi Bishnoi,Avesh Khan,JD Unadkat,Avesh Khan,MP Stoinis
347,JD Unadkat,KH Pandya,JD Unadkat,Avesh Khan,MP Stoinis,Ravi Bishnoi,KH Pandya,Ravi Bishnoi,MP Stoinis,DJ Hooda,MP Stoinis,KH Pandya,JD Unadkat,KH Pandya,Avesh Khan,Ravi Bishnoi,Avesh Khan,JD Unadkat,Avesh Khan,MP Stoinis
348,JD Unadkat,KH Pandya,Avesh Khan,JD Unadkat,MP Stoinis,JD Unadkat,Ravi Bishnoi,KH Pandya,MP Stoinis,DJ Hooda,MP Stoinis,KH Pandya,Ravi Bishnoi,KH Pandya,Avesh Khan,Ravi Bishnoi,Avesh Khan,JD Unadkat,Avesh Khan,MP Stoinis
349,JD Unadkat,KH Pandya,JD Unadkat,Avesh Khan,MP Stoinis,Avesh Khan,Ravi Bishnoi,KH Pandya,MP Stoinis,DJ Hooda,MP Stoinis,JD Unadkat,Ravi Bishnoi,KH Pandya,Ravi Bishnoi,KH Pandya,Avesh Khan,JD Unadkat,Avesh Khan,MP Stoinis
350,JD Unadkat,Avesh Khan,JD Unadkat,Avesh Khan,MP Stoinis,Ravi Bishnoi,KH Pandya,Ravi Bishnoi,KH Pandya,DJ Hooda,MP Stoinis,KH Pandya,Ravi Bishnoi,KH Pandya,MP Stoinis,JD Unadkat,Avesh Khan,JD Unadkat,Avesh Khan,MP Stoinis
351,JD Unadkat,KH Pandya,JD Unadkat,Avesh Khan,MP Stoinis,JD Unadkat,KH Pandya,Ravi Bishnoi,MP Stoinis,DJ Hooda,Ravi Bishnoi,Avesh Khan,Ravi Bishnoi,KH Pandya,MP Stoinis,Ravi Bishnoi,Avesh Khan,JD Unadkat,Avesh Khan,MP Stoinis
352,JD Unadkat,Avesh Khan,JD Unadkat,Avesh Khan,MP Stoinis,Avesh Khan,KH Pandya,Ravi Bishnoi,MP Stoinis,Ravi Bishnoi,MP Stoinis,KH Pandya,Ravi Bishnoi,DJ Hooda,Ravi Bishnoi,KH Pandya,JD Unadkat,Avesh Khan,JD Unadkat,MP Stoinis
353,JD Unadkat,KH Pandya,Avesh Khan,JD Unadkat,MP Stoinis,Ravi Bishnoi,KH Pandya,Ravi Bishnoi,KH Pandya,Ravi Bishnoi,MP Stoinis,Avesh Khan,Ravi Bishnoi,DJ Hooda,MP Stoinis,Avesh Khan,JD Unadkat,Avesh Khan,JD Unadkat,MP Stoinis
354,JD Unadkat,KH Pandya,Avesh Khan,JD Unadkat,KH Pandya,JD Unadkat,KH Pandya,Ravi Bishnoi,MP Stoinis,Ravi Bishnoi,MP Stoinis,Avesh Khan,Ravi Bishnoi,DJ Hooda,MP Stoinis,Ravi Bishnoi,Avesh Khan,JD Unadkat,Avesh Khan,MP Stoinis
355,JD Unadkat,KH Pandya,Avesh Khan,JD Unadkat,KH Pandya,JD Unadkat,Ravi Bishnoi,KH Pandya,MP Stoinis,Ravi Bishnoi,MP Stoinis,Avesh Khan,Ravi Bishnoi,DJ Hooda,MP Stoinis,Ravi Bishnoi,Avesh Khan,JD Unadkat,Avesh Khan,MP Stoinis
356,JD Unadkat,KH Pandya,Avesh Khan,JD Unadkat,MP Stoinis,Ravi Bishnoi,KH Pandya,Ravi Bishnoi,MP Stoinis,Ravi Bishnoi,MP Stoinis,KH Pandya,JD Unadkat,DJ Hooda,Avesh Khan,Ravi Bishnoi,Avesh Khan,JD Unadkat,Avesh Khan,MP Stoinis
357,JD Unadkat,KH Pandya,Avesh Khan,JD Unadkat,MP Stoinis,JD Unadkat,KH Pandya,Ravi Bishnoi,MP Stoinis,KH Pandya,Ravi Bishnoi,Avesh Khan,Ravi Bishnoi,DJ Hooda,MP Stoinis,Ravi Bishnoi,Avesh Khan,JD Unadkat,Avesh Khan,MP Stoinis
358,JD Unadkat,KH Pandya,Avesh Khan,JD Unadkat,MP Stoinis,Ravi Bishnoi,KH Pandya,Ravi Bishnoi,MP Stoinis,Ravi Bishnoi,MP Stoinis,KH Pandya,JD Unadkat,DJ Hooda,Avesh Khan,KH Pandya,Avesh Khan,JD Unadkat,Avesh Khan,MP Stoinis
359,JD Unadkat,KH Pandya,JD Unadkat,Avesh Khan,MP Stoinis,Avesh Khan,KH Pandya,Ravi Bishnoi,MP Stoinis,Ravi Bishnoi,KH Pandya,Avesh Khan,Ravi Bishnoi,DJ Hooda,MP Stoinis,Ravi Bishnoi,JD Unadkat,Avesh Khan,JD Unadkat,MP Stoinis
360,JD Unadkat,KH Pandya,JD Unadkat,Avesh Khan,MP Stoinis,Ravi Bishnoi,KH Pandya,Ravi Bishnoi,MP Stoinis,Ravi Bishnoi,MP Stoinis,Avesh Khan,Ravi Bishnoi,DJ Hooda,MP Stoinis,KH Pandya,JD Unadkat,Avesh Khan,JD Unadkat,Avesh Khan
361,JD Unadkat,KH Pandya,Avesh Khan,JD Unadkat,MP Stoinis,JD Unadkat,Ravi Bishnoi,KH Pandya,MP Stoinis,Ravi Bishnoi,KH Pandya,Avesh Khan,Ravi Bishnoi,DJ Hooda,MP Stoinis,Ravi Bishnoi,Avesh Khan,JD Unadkat,Avesh Khan,MP Stoinis
362,JD Unadkat,KH Pandya,JD Unadkat,Avesh Khan,MP Stoinis,Ravi Bishnoi,KH Pandya,Ravi Bishnoi,MP Stoinis,KH Pandya,MP Stoinis,KH Pandya,JD Unadkat,DJ Hooda,Avesh Khan,Ravi Bishnoi,Avesh Khan,JD Unadkat,Avesh Khan,MP Stoinis
363,JD Unadkat,KH Pandya,JD Unadkat,Avesh Khan,MP Stoinis,Ravi Bishnoi,KH Pandya,Ravi Bishnoi,MP Stoinis,KH Pandya,Ravi Bishnoi,Avesh Khan,JD Unadkat,DJ Hooda,MP Stoinis,KH Pandya,Avesh Khan,JD Unadkat,Avesh Khan,MP Stoinis
364,JD Unadkat,KH Pandya,JD Unadkat,Avesh Khan,MP Stoinis,Avesh Khan,Ravi Bishnoi,KH Pandya,Ravi Bishnoi,KH Pandya,MP Stoinis,Ravi Bishnoi,JD Unadkat,DJ Hooda,MP Stoinis,Ravi Bishnoi,Avesh Khan,JD Unadkat,Avesh Khan,MP Stoinis
365,JD Unadkat,KH Pandya,Avesh Khan,JD Unadkat,MP Stoinis,Avesh Khan,Ravi Bishnoi,KH Pandya,MP Stoinis,Ravi Bishnoi,MP Stoinis,Avesh Khan,Ravi Bishnoi,DJ Hooda,Ravi Bishnoi,KH Pandya,JD Unadkat,Avesh Khan,JD Unadkat,MP Stoinis
366,JD Unadkat,KH Pandya,Avesh Khan,JD Unadkat,KH Pandya,JD Unadkat,Ravi Bishnoi,KH Pandya,MP Stoinis,Ravi Bishnoi,MP Stoinis,A Badoni,Ravi Bishnoi,KH Pandya,MP Stoinis,Ravi Bishnoi,Avesh Khan,JD Unadkat,Avesh Khan,MP Stoinis
367,JD Unadkat,Avesh Khan,JD Unadkat,Avesh Khan,MP Stoinis,Ravi Bishnoi,KH Pandya,Ravi Bishnoi,MP Stoinis,KH Pandya,MP Stoinis,A Badoni,Ravi Bishnoi,KH Pandya,JD Unadkat,Ravi Bishnoi,Avesh Khan,JD Unadkat,Avesh Khan,MP Stoinis
368,JD Unadkat,KH Pandya,JD Unadkat,Avesh Khan,KH Pandya,Avesh Khan,KH Pandya,Ravi Bishnoi,MP Stoinis,KH Pandya,MP Stoinis,A Badoni,JD Unadkat,Ravi Bishnoi,MP Stoinis,Ravi Bishnoi,Avesh Khan,JD Unadkat,Avesh Khan,MP Stoinis
369,JD Unadkat,KH Pandya,JD Unadkat,Avesh Khan,MP Stoinis,Ravi Bishnoi,KH Pandya,Ravi Bishnoi,MP Stoinis,KH Pandya,MP Stoinis,A Badoni,Ravi Bishnoi,KH Pandya,MP Stoinis,Ravi Bishnoi,JD Unadkat,Avesh Khan,JD Unadkat,Avesh Khan
370,JD Unadkat,KH Pandya,JD Unadkat,Avesh Khan,MP Stoinis,Ravi Bishnoi,KH Pandya,Ravi Bishnoi,MP Stoinis,Ravi Bishnoi,MP Stoinis,A Badoni,JD Unadkat,KH Pandya,Avesh Khan,Ravi Bishnoi,Avesh Khan,JD Unadkat,Avesh Khan,MP Stoinis
371,JD Unadkat,KH Pandya,JD Unadkat,Avesh Khan,MP Stoinis,Avesh Khan,Ravi Bishnoi,KH Pandya,MP Stoinis,Ravi Bishnoi,MP Stoinis,A Badoni,Ravi Bishnoi,KH Pandya,Avesh Khan,Ravi Bishnoi,JD Unadkat,Avesh Khan,JD Unadkat,MP Stoinis
372,JD Unadkat,KH Pandya,JD Unadkat,Avesh Khan,MP Stoinis,JD Unadkat,Ravi Bishnoi,KH Pandya,MP Stoinis,Ravi Bishnoi,MP Stoinis,A Badoni,Ravi Bishnoi,KH Pandya,Avesh Khan,Ravi Bishnoi,Avesh Khan,JD Unadkat,Avesh Khan,MP Stoinis
373,JD Unadkat,KH Pandya,JD Unadkat,Avesh Khan,KH Pandya,Avesh Khan,Ravi Bishnoi,KH Pandya,MP Stoinis,KH Pandya,MP Stoinis,A Badoni,JD Unadkat,Ravi Bishnoi,MP Stoinis,Ravi Bishnoi,Avesh Khan,JD Unadkat,Avesh Khan,MP Stoinis
374,A Badoni,KH Pandya,Avesh Khan,JD Unadkat,MP Stoinis,Ravi Bishnoi,KH Pandya,Ravi Bishnoi,MP Stoinis,KH Pandya,MP Stoinis,Avesh Khan,Ravi Bishnoi,KH Pandya,Ravi Bishnoi,JD Unadkat,Avesh Khan,JD Unadkat,Avesh Khan,MP Stoinis
375,A Badoni,KH Pandya,JD Unadkat,Avesh Khan,MP Stoinis,Ravi Bishnoi,KH Pandya,Ravi Bishnoi,MP Stoinis,Ravi Bishnoi,MP Stoinis,Avesh Khan,Ravi Bishnoi,KH Pandya,JD Unadkat,KH Pandya,Avesh Khan,JD Unadkat,Avesh Khan,MP Stoinis
376,A Badoni,KH Pandya,JD Unadkat,Avesh Khan,MP Stoinis,Ravi Bishnoi,KH Pandya,Ravi Bishnoi,MP Stoinis,Ravi Bishnoi,MP Stoinis,KH Pandya,Ravi Bishnoi,KH Pandya,Avesh Khan,JD Unadkat,Avesh Khan,JD Unadkat,Avesh Khan,MP Stoinis
377,A Badoni,Avesh Khan,JD Unadkat,Avesh Khan,MP Stoinis,Ravi Bishnoi,KH Pandya,Ravi Bishnoi,KH Pandya,Ravi Bishnoi,MP Stoinis,KH Pandya,Ravi Bishnoi,KH Pandya,MP Stoinis,JD Unadkat,Avesh Khan,JD Unadkat,Avesh Khan,MP Stoinis
378,A Badoni,KH Pandya,Avesh Khan,JD Unadkat,MP Stoinis,Ravi Bishnoi,KH Pandya,Ravi Bishnoi,MP Stoinis,Ravi Bishnoi,MP Stoinis,Avesh Khan,Ravi Bishnoi,KH Pandya,Avesh Khan,KH Pandya,JD Unadkat,Avesh Khan,JD Unadkat,MP Stoinis
379,A Badoni,KH Pandya,JD Unadkat,Avesh Khan,MP Stoinis,Ravi Bishnoi,KH Pandya,Ravi Bishnoi,MP Stoinis,Ravi Bishnoi,KH Pandya,Avesh Khan,Ravi Bishnoi,KH Pandya,MP Stoinis,Avesh Khan,JD Unadkat,Avesh Khan,JD Unadkat,MP Stoinis
380,A Badoni,KH Pandya,Avesh Khan,JD Unadkat,MP Stoinis,Avesh Khan,Ravi Bishnoi,KH Pandya,MP Stoinis,Ravi Bishnoi,KH Pandya,Ravi Bishnoi,JD Unadkat,Ravi Bishnoi,MP Stoinis,KH Pandya,Avesh Khan,JD Unadkat,Avesh Khan,MP Stoinis
381,A Badoni,KH Pandya,Avesh Khan,JD Unadkat,MP Stoinis,Avesh Khan,KH Pandya,Ravi Bishnoi,MP Stoinis,Ravi Bishnoi,MP Stoinis,Avesh Khan,Ravi Bishnoi,KH Pandya,Ravi Bishnoi,KH Pandya,JD Unadkat,Avesh Khan,JD Unadkat,MP Stoinis
382,JD Unadkat,A Badoni,Avesh Khan,JD Unadkat,MP Stoinis,Avesh Khan,Ravi Bishnoi,KH Pandya,MP Stoinis,Ravi Bishnoi,MP Stoinis,KH Pandya,Ravi Bishnoi,KH Pandya,Ravi Bishnoi,Avesh Khan,JD Unadkat,Avesh Khan,JD Unadkat,MP Stoinis
383,JD Unadkat,A Badoni,JD Unadkat,Avesh Khan,MP Stoinis,Avesh Khan,Ravi Bishnoi,KH Pandya,MP Stoinis,Ravi Bishnoi,MP Stoinis,KH Pandya,Ravi Bishnoi,KH Pandya,Ravi Bishnoi,Avesh Khan,JD Unadkat,Avesh Khan,JD Unadkat,MP Stoinis
384,JD Unadkat,A Badoni,JD Unadkat,Avesh Khan,MP Stoinis,Avesh Khan,Ravi Bishnoi,KH Pandya,MP Stoinis,Ravi Bishnoi,MP Stoinis,KH Pandya,Ravi Bishnoi,KH Pandya,MP Stoinis,Ravi Bishnoi,Avesh Khan,JD Unadkat,Avesh Khan,JD Unadkat
385,JD Unadkat,A Badoni,JD Unadkat,Avesh Khan,JD Unadkat,Ravi Bishnoi,KH Pandya,Ravi Bishnoi,MP Stoinis,Ravi Bishnoi,MP Stoinis,KH Pandya,Ravi Bishnoi,KH Pandya,MP Stoinis,KH Pandya,Avesh Khan,JD Unadkat,Avesh Khan,MP Stoinis
386,JD Unadkat,A Badoni,Avesh Khan,JD Unadkat,MP Stoinis,Avesh Khan,Ravi Bishnoi,KH Pandya,MP Stoinis,KH Pandya,Ravi Bishnoi,KH Pandya,JD Unadkat,Ravi Bishnoi,MP Stoinis,Ravi Bishnoi,Avesh Khan,JD Unadkat,Avesh Khan,MP Stoinis
387,JD Unadkat,A Badoni,JD Unadkat,Avesh Khan,MP Stoinis,Ravi Bishnoi,KH Pandya,Ravi Bishnoi,MP Stoinis,KH Pandya,Ravi Bishnoi,KH Pandya,JD Unadkat,Ravi Bishnoi,MP Stoinis,KH Pandya,Avesh Khan,JD Unadkat,Avesh Khan,MP Stoinis
388,JD Unadkat,A Badoni,JD Unadkat,Avesh Khan,MP Stoinis,Ravi Bishnoi,KH Pandya,Ravi Bishnoi,MP Stoinis,Ravi Bishnoi,MP Stoinis,KH Pandya,Ravi Bishnoi,KH Pandya,MP Stoinis,KH Pandya,JD Unadkat,Avesh Khan,JD Unadkat,Avesh Khan
389,JD Unadkat,A Badoni,JD Unadkat,Avesh Khan,MP Stoinis,Ravi Bishnoi,KH Pandya,Ravi Bishnoi,MP Stoinis,KH Pandya,MP Stoinis,Avesh Khan,Ravi Bishnoi,KH Pandya,MP Stoinis,Ravi Bishnoi,JD Unadkat,Avesh Khan,JD Unadkat,Avesh Khan
